contenu_textuel_extrait,contenu_textuel_nettoye,tokens,stemmed_tokens,lemmatized_tokens
The Role of Telomerase in Breast Cancer's Response to Therapy - PubMed,the role of telomerase in breast cancers response to therapy pubmed,"['the', 'role', 'of', 'telomerase', 'in', 'breast', 'cancers', 'response', 'to', 'therapy', 'pubmed']","['the', 'role', 'of', 'telomeras', 'in', 'breast', 'cancer', 'respons', 'to', 'therapi', 'pubm']","['the', 'role', 'of', 'telomerase', 'in', 'breast', 'cancer', 'response', 'to', 'therapy', 'pubmed']"
This site needs JavaScript to work properly. Please enable it to take advantage of the complete set of features!,this site needs javascript to work properly please enable it to take advantage of the complete set of features,"['this', 'site', 'needs', 'javascript', 'to', 'work', 'properly', 'please', 'enable', 'it', 'to', 'take', 'advantage', 'of', 'the', 'complete', 'set', 'of', 'features']","['thi', 'site', 'need', 'javascript', 'to', 'work', 'properli', 'pleas', 'enabl', 'it', 'to', 'take', 'advantag', 'of', 'the', 'complet', 'set', 'of', 'featur']","['this', 'site', 'need', 'javascript', 'to', 'work', 'properly', 'please', 'enable', 'it', 'to', 'take', 'advantage', 'of', 'the', 'complete', 'set', 'of', 'feature']"
"Clipboard, Search History, and several other advanced features are temporarily unavailable.",clipboard search history and several other advanced features are temporarily unavailable,"['clipboard', 'search', 'history', 'and', 'several', 'other', 'advanced', 'features', 'are', 'temporarily', 'unavailable']","['clipboard', 'search', 'histori', 'and', 'sever', 'other', 'advanc', 'featur', 'are', 'temporarili', 'unavail']","['clipboard', 'search', 'history', 'and', 'several', 'other', 'advanced', 'feature', 'are', 'temporarily', 'unavailable']"
Skip to main page content,skip to main page content,"['skip', 'to', 'main', 'page', 'content']","['skip', 'to', 'main', 'page', 'content']","['skip', 'to', 'main', 'page', 'content']"
An official website of the United States government,an official website of the united states government,"['an', 'official', 'website', 'of', 'the', 'united', 'states', 'government']","['an', 'offici', 'websit', 'of', 'the', 'unit', 'state', 'govern']","['an', 'official', 'website', 'of', 'the', 'united', 'state', 'government']"
Here's how you know,heres how you know,"['heres', 'how', 'you', 'know']","['here', 'how', 'you', 'know']","['here', 'how', 'you', 'know']"
The .gov means it’s official.,the gov means its official,"['the', 'gov', 'means', 'its', 'official']","['the', 'gov', 'mean', 'it', 'offici']","['the', 'gov', 'mean', 'it', 'official']"
Federal government websites often end in .gov or .mil. Before,federal government websites often end in gov or mil before,"['federal', 'government', 'websites', 'often', 'end', 'in', 'gov', 'or', 'mil', 'before']","['feder', 'govern', 'websit', 'often', 'end', 'in', 'gov', 'or', 'mil', 'befor']","['federal', 'government', 'website', 'often', 'end', 'in', 'gov', 'or', 'mil', 'before']"
"sharing sensitive information, make sure you’re on a federal",sharing sensitive information make sure youre on a federal,"['sharing', 'sensitive', 'information', 'make', 'sure', 'youre', 'on', 'a', 'federal']","['share', 'sensit', 'inform', 'make', 'sure', 'your', 'on', 'a', 'feder']","['sharing', 'sensitive', 'information', 'make', 'sure', 'youre', 'on', 'a', 'federal']"
government site.,government site,"['government', 'site']","['govern', 'site']","['government', 'site']"
The site is secure.,the site is secure,"['the', 'site', 'is', 'secure']","['the', 'site', 'is', 'secur']","['the', 'site', 'is', 'secure']"
The https:// ensures that you are connecting to the,the ensures that you are connecting to the,"['the', 'ensures', 'that', 'you', 'are', 'connecting', 'to', 'the']","['the', 'ensur', 'that', 'you', 'are', 'connect', 'to', 'the']","['the', 'ensures', 'that', 'you', 'are', 'connecting', 'to', 'the']"
official website and that any information you provide is encrypted,official website and that any information you provide is encrypted,"['official', 'website', 'and', 'that', 'any', 'information', 'you', 'provide', 'is', 'encrypted']","['offici', 'websit', 'and', 'that', 'ani', 'inform', 'you', 'provid', 'is', 'encrypt']","['official', 'website', 'and', 'that', 'any', 'information', 'you', 'provide', 'is', 'encrypted']"
and transmitted securely.,and transmitted securely,"['and', 'transmitted', 'securely']","['and', 'transmit', 'secur']","['and', 'transmitted', 'securely']"
Log in,log in,"['log', 'in']","['log', 'in']","['log', 'in']"
Show account info,show account info,"['show', 'account', 'info']","['show', 'account', 'info']","['show', 'account', 'info']"
Close,close,['close'],['close'],['close']
Account,account,['account'],['account'],['account']
Logged in as:,logged in as,"['logged', 'in', 'as']","['log', 'in', 'as']","['logged', 'in', 'a']"
username,username,['username'],['usernam'],['username']
Dashboard,dashboard,['dashboard'],['dashboard'],['dashboard']
Publications,publications,['publications'],['public'],['publication']
Account settings,account settings,"['account', 'settings']","['account', 'set']","['account', 'setting']"
Log out,log out,"['log', 'out']","['log', 'out']","['log', 'out']"
Access keys,access keys,"['access', 'keys']","['access', 'key']","['access', 'key']"
NCBI Homepage,ncbi homepage,"['ncbi', 'homepage']","['ncbi', 'homepag']","['ncbi', 'homepage']"
MyNCBI Homepage,myncbi homepage,"['myncbi', 'homepage']","['myncbi', 'homepag']","['myncbi', 'homepage']"
Main Content,main content,"['main', 'content']","['main', 'content']","['main', 'content']"
Main Navigation,main navigation,"['main', 'navigation']","['main', 'navig']","['main', 'navigation']"
Search:,search,['search'],['search'],['search']
Search,search,['search'],['search'],['search']
Advanced,advanced,['advanced'],['advanc'],['advanced']
Clipboard,clipboard,['clipboard'],['clipboard'],['clipboard']
User Guide,user guide,"['user', 'guide']","['user', 'guid']","['user', 'guide']"
Save,save,['save'],['save'],['save']
Email,email,['email'],['email'],['email']
Send to,send to,"['send', 'to']","['send', 'to']","['send', 'to']"
Clipboard,clipboard,['clipboard'],['clipboard'],['clipboard']
My BibliographyCollectionsCitation manager,my bibliographycollectionscitation manager,"['my', 'bibliographycollectionscitation', 'manager']","['my', 'bibliographycollectionscit', 'manag']","['my', 'bibliographycollectionscitation', 'manager']"
Display options,display options,"['display', 'options']","['display', 'option']","['display', 'option']"
Display options,display options,"['display', 'options']","['display', 'option']","['display', 'option']"
Format,format,['format'],['format'],['format']
Abstract,abstract,['abstract'],['abstract'],['abstract']
PubMed,pubmed,['pubmed'],['pubm'],['pubmed']
PMID,pmid,['pmid'],['pmid'],['pmid']
Save citation to file,save citation to file,"['save', 'citation', 'to', 'file']","['save', 'citat', 'to', 'file']","['save', 'citation', 'to', 'file']"
Format:,format,['format'],['format'],['format']
Summary (text),summary text,"['summary', 'text']","['summari', 'text']","['summary', 'text']"
PubMed,pubmed,['pubmed'],['pubm'],['pubmed']
PMID,pmid,['pmid'],['pmid'],['pmid']
Abstract (text),abstract text,"['abstract', 'text']","['abstract', 'text']","['abstract', 'text']"
CSV,csv,['csv'],['csv'],['csv']
Create file,create file,"['create', 'file']","['creat', 'file']","['create', 'file']"
Cancel,cancel,['cancel'],['cancel'],['cancel']
Email citation,email citation,"['email', 'citation']","['email', 'citat']","['email', 'citation']"
Subject:,subject,['subject'],['subject'],['subject']
1 selected item: 36361634 - PubMed,1 selected item 36361634 pubmed,"['1', 'selected', 'item', '36361634', 'pubmed']","['1', 'select', 'item', '36361634', 'pubm']","['1', 'selected', 'item', '36361634', 'pubmed']"
To:,to,['to'],['to'],['to']
From:,from,['from'],['from'],['from']
Format:,format,['format'],['format'],['format']
Summary,summary,['summary'],['summari'],['summary']
Summary (text),summary text,"['summary', 'text']","['summari', 'text']","['summary', 'text']"
Abstract,abstract,['abstract'],['abstract'],['abstract']
Abstract (text),abstract text,"['abstract', 'text']","['abstract', 'text']","['abstract', 'text']"
MeSH and other data,mesh and other data,"['mesh', 'and', 'other', 'data']","['mesh', 'and', 'other', 'data']","['mesh', 'and', 'other', 'data']"
Send email,send email,"['send', 'email']","['send', 'email']","['send', 'email']"
Cancel,cancel,['cancel'],['cancel'],['cancel']
Add to Collections,add to collections,"['add', 'to', 'collections']","['add', 'to', 'collect']","['add', 'to', 'collection']"
Create a new collection,create a new collection,"['create', 'a', 'new', 'collection']","['creat', 'a', 'new', 'collect']","['create', 'a', 'new', 'collection']"
Add to an existing collection,add to an existing collection,"['add', 'to', 'an', 'existing', 'collection']","['add', 'to', 'an', 'exist', 'collect']","['add', 'to', 'an', 'existing', 'collection']"
Name your collection:,name your collection,"['name', 'your', 'collection']","['name', 'your', 'collect']","['name', 'your', 'collection']"
Name must be less than 100 characters,name must be less than 100 characters,"['name', 'must', 'be', 'less', 'than', '100', 'characters']","['name', 'must', 'be', 'less', 'than', '100', 'charact']","['name', 'must', 'be', 'less', 'than', '100', 'character']"
Choose a collection:,choose a collection,"['choose', 'a', 'collection']","['choos', 'a', 'collect']","['choose', 'a', 'collection']"
Unable to load your collection due to an error,unable to load your collection due to an error,"['unable', 'to', 'load', 'your', 'collection', 'due', 'to', 'an', 'error']","['unabl', 'to', 'load', 'your', 'collect', 'due', 'to', 'an', 'error']","['unable', 'to', 'load', 'your', 'collection', 'due', 'to', 'an', 'error']"
Please try again,please try again,"['please', 'try', 'again']","['pleas', 'tri', 'again']","['please', 'try', 'again']"
Add,add,['add'],['add'],['add']
Cancel,cancel,['cancel'],['cancel'],['cancel']
Add to My Bibliography,add to my bibliography,"['add', 'to', 'my', 'bibliography']","['add', 'to', 'my', 'bibliographi']","['add', 'to', 'my', 'bibliography']"
My Bibliography,my bibliography,"['my', 'bibliography']","['my', 'bibliographi']","['my', 'bibliography']"
Unable to load your delegates due to an error,unable to load your delegates due to an error,"['unable', 'to', 'load', 'your', 'delegates', 'due', 'to', 'an', 'error']","['unabl', 'to', 'load', 'your', 'deleg', 'due', 'to', 'an', 'error']","['unable', 'to', 'load', 'your', 'delegate', 'due', 'to', 'an', 'error']"
Please try again,please try again,"['please', 'try', 'again']","['pleas', 'tri', 'again']","['please', 'try', 'again']"
Add,add,['add'],['add'],['add']
Cancel,cancel,['cancel'],['cancel'],['cancel']
Your saved search,your saved search,"['your', 'saved', 'search']","['your', 'save', 'search']","['your', 'saved', 'search']"
Name of saved search:,name of saved search,"['name', 'of', 'saved', 'search']","['name', 'of', 'save', 'search']","['name', 'of', 'saved', 'search']"
Search terms:,search terms,"['search', 'terms']","['search', 'term']","['search', 'term']"
Test search terms,test search terms,"['test', 'search', 'terms']","['test', 'search', 'term']","['test', 'search', 'term']"
Would you like email updates of new search results?,would you like email updates of new search results,"['would', 'you', 'like', 'email', 'updates', 'of', 'new', 'search', 'results']","['would', 'you', 'like', 'email', 'updat', 'of', 'new', 'search', 'result']","['would', 'you', 'like', 'email', 'update', 'of', 'new', 'search', 'result']"
Saved Search Alert Radio Buttons,saved search alert radio buttons,"['saved', 'search', 'alert', 'radio', 'buttons']","['save', 'search', 'alert', 'radio', 'button']","['saved', 'search', 'alert', 'radio', 'button']"
Yes,yes,['yes'],['ye'],['yes']
No,no,['no'],['no'],['no']
Email:,email,['email'],['email'],['email']
(change),change,['change'],['chang'],['change']
Frequency:,frequency,['frequency'],['frequenc'],['frequency']
Monthly,monthly,['monthly'],['monthli'],['monthly']
Weekly,weekly,['weekly'],['weekli'],['weekly']
Daily,daily,['daily'],['daili'],['daily']
Which day?,which day,"['which', 'day']","['which', 'day']","['which', 'day']"
The first Sunday,the first sunday,"['the', 'first', 'sunday']","['the', 'first', 'sunday']","['the', 'first', 'sunday']"
The first Monday,the first monday,"['the', 'first', 'monday']","['the', 'first', 'monday']","['the', 'first', 'monday']"
The first Tuesday,the first tuesday,"['the', 'first', 'tuesday']","['the', 'first', 'tuesday']","['the', 'first', 'tuesday']"
The first Wednesday,the first wednesday,"['the', 'first', 'wednesday']","['the', 'first', 'wednesday']","['the', 'first', 'wednesday']"
The first Thursday,the first thursday,"['the', 'first', 'thursday']","['the', 'first', 'thursday']","['the', 'first', 'thursday']"
The first Friday,the first friday,"['the', 'first', 'friday']","['the', 'first', 'friday']","['the', 'first', 'friday']"
The first Saturday,the first saturday,"['the', 'first', 'saturday']","['the', 'first', 'saturday']","['the', 'first', 'saturday']"
The first day,the first day,"['the', 'first', 'day']","['the', 'first', 'day']","['the', 'first', 'day']"
The first weekday,the first weekday,"['the', 'first', 'weekday']","['the', 'first', 'weekday']","['the', 'first', 'weekday']"
Which day?,which day,"['which', 'day']","['which', 'day']","['which', 'day']"
Sunday,sunday,['sunday'],['sunday'],['sunday']
Monday,monday,['monday'],['monday'],['monday']
Tuesday,tuesday,['tuesday'],['tuesday'],['tuesday']
Wednesday,wednesday,['wednesday'],['wednesday'],['wednesday']
Thursday,thursday,['thursday'],['thursday'],['thursday']
Friday,friday,['friday'],['friday'],['friday']
Saturday,saturday,['saturday'],['saturday'],['saturday']
Report format:,report format,"['report', 'format']","['report', 'format']","['report', 'format']"
Summary,summary,['summary'],['summari'],['summary']
Summary (text),summary text,"['summary', 'text']","['summari', 'text']","['summary', 'text']"
Abstract,abstract,['abstract'],['abstract'],['abstract']
Abstract (text),abstract text,"['abstract', 'text']","['abstract', 'text']","['abstract', 'text']"
PubMed,pubmed,['pubmed'],['pubm'],['pubmed']
Send at most:,send at most,"['send', 'at', 'most']","['send', 'at', 'most']","['send', 'at', 'most']"
1 item,1 item,"['1', 'item']","['1', 'item']","['1', 'item']"
5 items,5 items,"['5', 'items']","['5', 'item']","['5', 'item']"
10 items,10 items,"['10', 'items']","['10', 'item']","['10', 'item']"
20 items,20 items,"['20', 'items']","['20', 'item']","['20', 'item']"
50 items,50 items,"['50', 'items']","['50', 'item']","['50', 'item']"
100 items,100 items,"['100', 'items']","['100', 'item']","['100', 'item']"
200 items,200 items,"['200', 'items']","['200', 'item']","['200', 'item']"
Send even when there aren't any new results,send even when there arent any new results,"['send', 'even', 'when', 'there', 'arent', 'any', 'new', 'results']","['send', 'even', 'when', 'there', 'arent', 'ani', 'new', 'result']","['send', 'even', 'when', 'there', 'arent', 'any', 'new', 'result']"
Optional text in email:,optional text in email,"['optional', 'text', 'in', 'email']","['option', 'text', 'in', 'email']","['optional', 'text', 'in', 'email']"
Save,save,['save'],['save'],['save']
Cancel,cancel,['cancel'],['cancel'],['cancel']
Create a file for external citation management software,create a file for external citation management software,"['create', 'a', 'file', 'for', 'external', 'citation', 'management', 'software']","['creat', 'a', 'file', 'for', 'extern', 'citat', 'manag', 'softwar']","['create', 'a', 'file', 'for', 'external', 'citation', 'management', 'software']"
Create file,create file,"['create', 'file']","['creat', 'file']","['create', 'file']"
Cancel,cancel,['cancel'],['cancel'],['cancel']
Your RSS Feed,your rss feed,"['your', 'rss', 'feed']","['your', 'rss', 'feed']","['your', 'rss', 'feed']"
Name of RSS Feed:,name of rss feed,"['name', 'of', 'rss', 'feed']","['name', 'of', 'rss', 'feed']","['name', 'of', 'rss', 'feed']"
Number of items displayed:,number of items displayed,"['number', 'of', 'items', 'displayed']","['number', 'of', 'item', 'display']","['number', 'of', 'item', 'displayed']"
5,5,['5'],['5'],['5']
10,10,['10'],['10'],['10']
15,15,['15'],['15'],['15']
20,20,['20'],['20'],['20']
50,50,['50'],['50'],['50']
100,100,['100'],['100'],['100']
Create RSS,create rss,"['create', 'rss']","['creat', 'rss']","['create', 'rss']"
Cancel,cancel,['cancel'],['cancel'],['cancel']
RSS Link,rss link,"['rss', 'link']","['rss', 'link']","['rss', 'link']"
Copy,copy,['copy'],['copi'],['copy']
Full text links,full text links,"['full', 'text', 'links']","['full', 'text', 'link']","['full', 'text', 'link']"
MDPI,mdpi,['mdpi'],['mdpi'],['mdpi']
Free PMC article,free pmc article,"['free', 'pmc', 'article']","['free', 'pmc', 'articl']","['free', 'pmc', 'article']"
Full text links,full text links,"['full', 'text', 'links']","['full', 'text', 'link']","['full', 'text', 'link']"
ActionsCiteCollectionsAdd to CollectionsCreate a new collectionAdd to an existing collection,actionscitecollectionsadd to collectionscreate a new collectionadd to an existing collection,"['actionscitecollectionsadd', 'to', 'collectionscreate', 'a', 'new', 'collectionadd', 'to', 'an', 'existing', 'collection']","['actionscitecollectionsadd', 'to', 'collectionscr', 'a', 'new', 'collectionadd', 'to', 'an', 'exist', 'collect']","['actionscitecollectionsadd', 'to', 'collectionscreate', 'a', 'new', 'collectionadd', 'to', 'an', 'existing', 'collection']"
Name your collection:,name your collection,"['name', 'your', 'collection']","['name', 'your', 'collect']","['name', 'your', 'collection']"
Name must be less than 100 characters,name must be less than 100 characters,"['name', 'must', 'be', 'less', 'than', '100', 'characters']","['name', 'must', 'be', 'less', 'than', '100', 'charact']","['name', 'must', 'be', 'less', 'than', '100', 'character']"
Choose a collection:,choose a collection,"['choose', 'a', 'collection']","['choos', 'a', 'collect']","['choose', 'a', 'collection']"
Unable to load your collection due to an errorPlease try again,unable to load your collection due to an errorplease try again,"['unable', 'to', 'load', 'your', 'collection', 'due', 'to', 'an', 'errorplease', 'try', 'again']","['unabl', 'to', 'load', 'your', 'collect', 'due', 'to', 'an', 'errorpleas', 'tri', 'again']","['unable', 'to', 'load', 'your', 'collection', 'due', 'to', 'an', 'errorplease', 'try', 'again']"
Add,add,['add'],['add'],['add']
Cancel,cancel,['cancel'],['cancel'],['cancel']
Display options,display options,"['display', 'options']","['display', 'option']","['display', 'option']"
Display options,display options,"['display', 'options']","['display', 'option']","['display', 'option']"
Format,format,['format'],['format'],['format']
AbstractPubMedPMID,abstractpubmedpmid,['abstractpubmedpmid'],['abstractpubmedpmid'],['abstractpubmedpmid']
Share,share,['share'],['share'],['share']
Permalink,permalink,['permalink'],['permalink'],['permalink']
Copy,copy,['copy'],['copi'],['copy']
Page navigation,page navigation,"['page', 'navigation']","['page', 'navig']","['page', 'navigation']"
Title & authors,title authors,"['title', 'authors']","['titl', 'author']","['title', 'author']"
Abstract,abstract,['abstract'],['abstract'],['abstract']
Conflict of interest statement,conflict of interest statement,"['conflict', 'of', 'interest', 'statement']","['conflict', 'of', 'interest', 'statement']","['conflict', 'of', 'interest', 'statement']"
Figures,figures,['figures'],['figur'],['figure']
Similar articles,similar articles,"['similar', 'articles']","['similar', 'articl']","['similar', 'article']"
Cited by,cited by,"['cited', 'by']","['cite', 'by']","['cited', 'by']"
References,references,['references'],['refer'],['reference']
Publication types,publication types,"['publication', 'types']","['public', 'type']","['publication', 'type']"
MeSH terms,mesh terms,"['mesh', 'terms']","['mesh', 'term']","['mesh', 'term']"
Substances,substances,['substances'],['substanc'],['substance']
Related information,related information,"['related', 'information']","['relat', 'inform']","['related', 'information']"
Grants and funding,grants and funding,"['grants', 'and', 'funding']","['grant', 'and', 'fund']","['grant', 'and', 'funding']"
LinkOut - more resources,linkout more resources,"['linkout', 'more', 'resources']","['linkout', 'more', 'resourc']","['linkout', 'more', 'resource']"
Title & authors,title authors,"['title', 'authors']","['titl', 'author']","['title', 'author']"
Abstract,abstract,['abstract'],['abstract'],['abstract']
Conflict of interest statement,conflict of interest statement,"['conflict', 'of', 'interest', 'statement']","['conflict', 'of', 'interest', 'statement']","['conflict', 'of', 'interest', 'statement']"
Figures,figures,['figures'],['figur'],['figure']
Similar articles,similar articles,"['similar', 'articles']","['similar', 'articl']","['similar', 'article']"
Cited by,cited by,"['cited', 'by']","['cite', 'by']","['cited', 'by']"
References,references,['references'],['refer'],['reference']
Publication types,publication types,"['publication', 'types']","['public', 'type']","['publication', 'type']"
MeSH terms,mesh terms,"['mesh', 'terms']","['mesh', 'term']","['mesh', 'term']"
Substances,substances,['substances'],['substanc'],['substance']
Related information,related information,"['related', 'information']","['relat', 'inform']","['related', 'information']"
Grants and funding,grants and funding,"['grants', 'and', 'funding']","['grant', 'and', 'fund']","['grant', 'and', 'funding']"
LinkOut - more resources,linkout more resources,"['linkout', 'more', 'resources']","['linkout', 'more', 'resourc']","['linkout', 'more', 'resource']"
Review,review,['review'],['review'],['review']
Int J Mol Sci,int j mol sci,"['int', 'j', 'mol', 'sci']","['int', 'j', 'mol', 'sci']","['int', 'j', 'mol', 'sci']"
Actions,actions,['actions'],['action'],['action']
Search in PubMed,search in pubmed,"['search', 'in', 'pubmed']","['search', 'in', 'pubm']","['search', 'in', 'pubmed']"
Search in NLM Catalog,search in nlm catalog,"['search', 'in', 'nlm', 'catalog']","['search', 'in', 'nlm', 'catalog']","['search', 'in', 'nlm', 'catalog']"
Add to Search,add to search,"['add', 'to', 'search']","['add', 'to', 'search']","['add', 'to', 'search']"
. 2022 Oct 25;23(21):12844.,2022 oct 25232112844,"['2022', 'oct', '25232112844']","['2022', 'oct', '25232112844']","['2022', 'oct', '25232112844']"
doi: 10.3390/ijms232112844.,doi 103390ijms232112844,"['doi', '103390ijms232112844']","['doi', '103390ijms232112844']","['doi', '103390ijms232112844']"
The Role of Telomerase in Breast Cancer's Response to Therapy,the role of telomerase in breast cancers response to therapy,"['the', 'role', 'of', 'telomerase', 'in', 'breast', 'cancers', 'response', 'to', 'therapy']","['the', 'role', 'of', 'telomeras', 'in', 'breast', 'cancer', 'respons', 'to', 'therapi']","['the', 'role', 'of', 'telomerase', 'in', 'breast', 'cancer', 'response', 'to', 'therapy']"
Eliza Judasz,eliza judasz,"['eliza', 'judasz']","['eliza', 'judasz']","['eliza', 'judasz']"
1,1,['1'],['1'],['1']
", Natalia Lisiak",natalia lisiak,"['natalia', 'lisiak']","['natalia', 'lisiak']","['natalia', 'lisiak']"
1,1,['1'],['1'],['1']
", Przemysław Kopczyński",przemysław kopczyński,"['przemysław', 'kopczyński']","['przemysław', 'kopczyński']","['przemysław', 'kopczyński']"
2,2,['2'],['2'],['2']
", Magdalena Taube",magdalena taube,"['magdalena', 'taube']","['magdalena', 'taub']","['magdalena', 'taube']"
1,1,['1'],['1'],['1']
", Błażej Rubiś",błażej rubiś,"['błażej', 'rubiś']","['błażej', 'rubiś']","['błażej', 'rubiś']"
1,1,['1'],['1'],['1']
Affiliations,affiliations,['affiliations'],['affili'],['affiliation']
Expand,expand,['expand'],['expand'],['expand']
Affiliations,affiliations,['affiliations'],['affili'],['affiliation']
"1 Department of Clinical Chemistry and Molecular Diagnostics, Poznan University of Medical Sciences, 60-806 Poznan, Poland.",1 department of clinical chemistry and molecular diagnostics poznan university of medical sciences 60806 poznan poland,"['1', 'department', 'of', 'clinical', 'chemistry', 'and', 'molecular', 'diagnostics', 'poznan', 'university', 'of', 'medical', 'sciences', '60806', 'poznan', 'poland']","['1', 'depart', 'of', 'clinic', 'chemistri', 'and', 'molecular', 'diagnost', 'poznan', 'univers', 'of', 'medic', 'scienc', '60806', 'poznan', 'poland']","['1', 'department', 'of', 'clinical', 'chemistry', 'and', 'molecular', 'diagnostics', 'poznan', 'university', 'of', 'medical', 'science', '60806', 'poznan', 'poland']"
"2 Centre for Orthodontic Mini-Implants at the Department and Clinic of Maxillofacial Orthopedics and Orthodontics, Poznan University of Medical Sciences, 60-812 Poznan, Poland.",2 centre for orthodontic miniimplants at the department and clinic of maxillofacial orthopedics and orthodontics poznan university of medical sciences 60812 poznan poland,"['2', 'centre', 'for', 'orthodontic', 'miniimplants', 'at', 'the', 'department', 'and', 'clinic', 'of', 'maxillofacial', 'orthopedics', 'and', 'orthodontics', 'poznan', 'university', 'of', 'medical', 'sciences', '60812', 'poznan', 'poland']","['2', 'centr', 'for', 'orthodont', 'miniimpl', 'at', 'the', 'depart', 'and', 'clinic', 'of', 'maxillofaci', 'orthoped', 'and', 'orthodont', 'poznan', 'univers', 'of', 'medic', 'scienc', '60812', 'poznan', 'poland']","['2', 'centre', 'for', 'orthodontic', 'miniimplants', 'at', 'the', 'department', 'and', 'clinic', 'of', 'maxillofacial', 'orthopedics', 'and', 'orthodontics', 'poznan', 'university', 'of', 'medical', 'science', '60812', 'poznan', 'poland']"
PMID:,pmid,['pmid'],['pmid'],['pmid']
36361634,36361634,['36361634'],['36361634'],['36361634']
PMCID:,pmcid,['pmcid'],['pmcid'],['pmcid']
PMC9654063,pmc9654063,['pmc9654063'],['pmc9654063'],['pmc9654063']
DOI:,doi,['doi'],['doi'],['doi']
10.3390/ijms232112844,103390ijms232112844,['103390ijms232112844'],['103390ijms232112844'],['103390ijms232112844']
Item in Clipboard,item in clipboard,"['item', 'in', 'clipboard']","['item', 'in', 'clipboard']","['item', 'in', 'clipboard']"
Review,review,['review'],['review'],['review']
The Role of Telomerase in Breast Cancer's Response to Therapy,the role of telomerase in breast cancers response to therapy,"['the', 'role', 'of', 'telomerase', 'in', 'breast', 'cancers', 'response', 'to', 'therapy']","['the', 'role', 'of', 'telomeras', 'in', 'breast', 'cancer', 'respons', 'to', 'therapi']","['the', 'role', 'of', 'telomerase', 'in', 'breast', 'cancer', 'response', 'to', 'therapy']"
Eliza Judasz et al.,eliza judasz et al,"['eliza', 'judasz', 'et', 'al']","['eliza', 'judasz', 'et', 'al']","['eliza', 'judasz', 'et', 'al']"
Int J Mol Sci.,int j mol sci,"['int', 'j', 'mol', 'sci']","['int', 'j', 'mol', 'sci']","['int', 'j', 'mol', 'sci']"
2022.,2022,['2022'],['2022'],['2022']
Show details,show details,"['show', 'details']","['show', 'detail']","['show', 'detail']"
Display options,display options,"['display', 'options']","['display', 'option']","['display', 'option']"
Display options,display options,"['display', 'options']","['display', 'option']","['display', 'option']"
Format,format,['format'],['format'],['format']
Abstract,abstract,['abstract'],['abstract'],['abstract']
PubMed,pubmed,['pubmed'],['pubm'],['pubmed']
PMID,pmid,['pmid'],['pmid'],['pmid']
Int J Mol Sci,int j mol sci,"['int', 'j', 'mol', 'sci']","['int', 'j', 'mol', 'sci']","['int', 'j', 'mol', 'sci']"
Actions,actions,['actions'],['action'],['action']
Search in PubMed,search in pubmed,"['search', 'in', 'pubmed']","['search', 'in', 'pubm']","['search', 'in', 'pubmed']"
Search in NLM Catalog,search in nlm catalog,"['search', 'in', 'nlm', 'catalog']","['search', 'in', 'nlm', 'catalog']","['search', 'in', 'nlm', 'catalog']"
Add to Search,add to search,"['add', 'to', 'search']","['add', 'to', 'search']","['add', 'to', 'search']"
. 2022 Oct 25;23(21):12844.,2022 oct 25232112844,"['2022', 'oct', '25232112844']","['2022', 'oct', '25232112844']","['2022', 'oct', '25232112844']"
doi: 10.3390/ijms232112844.,doi 103390ijms232112844,"['doi', '103390ijms232112844']","['doi', '103390ijms232112844']","['doi', '103390ijms232112844']"
Authors,authors,['authors'],['author'],['author']
Eliza Judasz,eliza judasz,"['eliza', 'judasz']","['eliza', 'judasz']","['eliza', 'judasz']"
1,1,['1'],['1'],['1']
", Natalia Lisiak",natalia lisiak,"['natalia', 'lisiak']","['natalia', 'lisiak']","['natalia', 'lisiak']"
1,1,['1'],['1'],['1']
", Przemysław Kopczyński",przemysław kopczyński,"['przemysław', 'kopczyński']","['przemysław', 'kopczyński']","['przemysław', 'kopczyński']"
2,2,['2'],['2'],['2']
", Magdalena Taube",magdalena taube,"['magdalena', 'taube']","['magdalena', 'taub']","['magdalena', 'taube']"
1,1,['1'],['1'],['1']
", Błażej Rubiś",błażej rubiś,"['błażej', 'rubiś']","['błażej', 'rubiś']","['błażej', 'rubiś']"
1,1,['1'],['1'],['1']
Affiliations,affiliations,['affiliations'],['affili'],['affiliation']
"1 Department of Clinical Chemistry and Molecular Diagnostics, Poznan University of Medical Sciences, 60-806 Poznan, Poland.",1 department of clinical chemistry and molecular diagnostics poznan university of medical sciences 60806 poznan poland,"['1', 'department', 'of', 'clinical', 'chemistry', 'and', 'molecular', 'diagnostics', 'poznan', 'university', 'of', 'medical', 'sciences', '60806', 'poznan', 'poland']","['1', 'depart', 'of', 'clinic', 'chemistri', 'and', 'molecular', 'diagnost', 'poznan', 'univers', 'of', 'medic', 'scienc', '60806', 'poznan', 'poland']","['1', 'department', 'of', 'clinical', 'chemistry', 'and', 'molecular', 'diagnostics', 'poznan', 'university', 'of', 'medical', 'science', '60806', 'poznan', 'poland']"
"2 Centre for Orthodontic Mini-Implants at the Department and Clinic of Maxillofacial Orthopedics and Orthodontics, Poznan University of Medical Sciences, 60-812 Poznan, Poland.",2 centre for orthodontic miniimplants at the department and clinic of maxillofacial orthopedics and orthodontics poznan university of medical sciences 60812 poznan poland,"['2', 'centre', 'for', 'orthodontic', 'miniimplants', 'at', 'the', 'department', 'and', 'clinic', 'of', 'maxillofacial', 'orthopedics', 'and', 'orthodontics', 'poznan', 'university', 'of', 'medical', 'sciences', '60812', 'poznan', 'poland']","['2', 'centr', 'for', 'orthodont', 'miniimpl', 'at', 'the', 'depart', 'and', 'clinic', 'of', 'maxillofaci', 'orthoped', 'and', 'orthodont', 'poznan', 'univers', 'of', 'medic', 'scienc', '60812', 'poznan', 'poland']","['2', 'centre', 'for', 'orthodontic', 'miniimplants', 'at', 'the', 'department', 'and', 'clinic', 'of', 'maxillofacial', 'orthopedics', 'and', 'orthodontics', 'poznan', 'university', 'of', 'medical', 'science', '60812', 'poznan', 'poland']"
PMID:,pmid,['pmid'],['pmid'],['pmid']
36361634,36361634,['36361634'],['36361634'],['36361634']
PMCID:,pmcid,['pmcid'],['pmcid'],['pmcid']
PMC9654063,pmc9654063,['pmc9654063'],['pmc9654063'],['pmc9654063']
DOI:,doi,['doi'],['doi'],['doi']
10.3390/ijms232112844,103390ijms232112844,['103390ijms232112844'],['103390ijms232112844'],['103390ijms232112844']
Item in Clipboard,item in clipboard,"['item', 'in', 'clipboard']","['item', 'in', 'clipboard']","['item', 'in', 'clipboard']"
Full text links,full text links,"['full', 'text', 'links']","['full', 'text', 'link']","['full', 'text', 'link']"
CiteDisplay options,citedisplay options,"['citedisplay', 'options']","['citedisplay', 'option']","['citedisplay', 'option']"
Display options,display options,"['display', 'options']","['display', 'option']","['display', 'option']"
Format,format,['format'],['format'],['format']
AbstractPubMedPMID,abstractpubmedpmid,['abstractpubmedpmid'],['abstractpubmedpmid'],['abstractpubmedpmid']
Abstract,abstract,['abstract'],['abstract'],['abstract']
"Currently, breast cancer appears to be the most widespread cancer in the world and the most common cause of cancer deaths. This specific type of cancer affects women in both developed and developing countries. Prevention and early diagnosis are very important factors for good prognosis. A characteristic feature of cancer cells is the ability of unlimited cell division, which makes them immortal. Telomeres, which are shortened with each cell division in normal cells, are rebuilt in cancer cells by the enzyme telomerase, which is expressed in more than 85% of cancers (up to 100% of adenocarcinomas, including breast cancer). Telomerase may have different functions that are related to telomeres or unrelated. It has been shown that high activity of the enzyme in cancer cells is associated with poor cell sensitivity to therapies. Therefore, telomerase has become a potential target for cancer therapies. The low efficacy of therapies has resulted in the search for new combined and more effective therapeutic methods, including the involvement of telomerase inhibitors and telomerase-targeted immunotherapy.",currently breast cancer appears to be the most widespread cancer in the world and the most common cause of cancer deaths this specific type of cancer affects women in both developed and developing countries prevention and early diagnosis are very important factors for good prognosis a characteristic feature of cancer cells is the ability of unlimited cell division which makes them immortal telomeres which are shortened with each cell division in normal cells are rebuilt in cancer cells by the enzyme telomerase which is expressed in more than 85 of cancers up to 100 of adenocarcinomas including breast cancer telomerase may have different functions that are related to telomeres or unrelated it has been shown that high activity of the enzyme in cancer cells is associated with poor cell sensitivity to therapies therefore telomerase has become a potential target for cancer therapies the low efficacy of therapies has resulted in the search for new combined and more effective therapeutic methods including the involvement of telomerase inhibitors and telomerasetargeted immunotherapy,"['currently', 'breast', 'cancer', 'appears', 'to', 'be', 'the', 'most', 'widespread', 'cancer', 'in', 'the', 'world', 'and', 'the', 'most', 'common', 'cause', 'of', 'cancer', 'deaths', 'this', 'specific', 'type', 'of', 'cancer', 'affects', 'women', 'in', 'both', 'developed', 'and', 'developing', 'countries', 'prevention', 'and', 'early', 'diagnosis', 'are', 'very', 'important', 'factors', 'for', 'good', 'prognosis', 'a', 'characteristic', 'feature', 'of', 'cancer', 'cells', 'is', 'the', 'ability', 'of', 'unlimited', 'cell', 'division', 'which', 'makes', 'them', 'immortal', 'telomeres', 'which', 'are', 'shortened', 'with', 'each', 'cell', 'division', 'in', 'normal', 'cells', 'are', 'rebuilt', 'in', 'cancer', 'cells', 'by', 'the', 'enzyme', 'telomerase', 'which', 'is', 'expressed', 'in', 'more', 'than', '85', 'of', 'cancers', 'up', 'to', '100', 'of', 'adenocarcinomas', 'including', 'breast', 'cancer', 'telomerase', 'may', 'have', 'different', 'functions', 'that', 'are', 'related', 'to', 'telomeres', 'or', 'unrelated', 'it', 'has', 'been', 'shown', 'that', 'high', 'activity', 'of', 'the', 'enzyme', 'in', 'cancer', 'cells', 'is', 'associated', 'with', 'poor', 'cell', 'sensitivity', 'to', 'therapies', 'therefore', 'telomerase', 'has', 'become', 'a', 'potential', 'target', 'for', 'cancer', 'therapies', 'the', 'low', 'efficacy', 'of', 'therapies', 'has', 'resulted', 'in', 'the', 'search', 'for', 'new', 'combined', 'and', 'more', 'effective', 'therapeutic', 'methods', 'including', 'the', 'involvement', 'of', 'telomerase', 'inhibitors', 'and', 'telomerasetargeted', 'immunotherapy']","['current', 'breast', 'cancer', 'appear', 'to', 'be', 'the', 'most', 'widespread', 'cancer', 'in', 'the', 'world', 'and', 'the', 'most', 'common', 'caus', 'of', 'cancer', 'death', 'thi', 'specif', 'type', 'of', 'cancer', 'affect', 'women', 'in', 'both', 'develop', 'and', 'develop', 'countri', 'prevent', 'and', 'earli', 'diagnosi', 'are', 'veri', 'import', 'factor', 'for', 'good', 'prognosi', 'a', 'characterist', 'featur', 'of', 'cancer', 'cell', 'is', 'the', 'abil', 'of', 'unlimit', 'cell', 'divis', 'which', 'make', 'them', 'immort', 'telomer', 'which', 'are', 'shorten', 'with', 'each', 'cell', 'divis', 'in', 'normal', 'cell', 'are', 'rebuilt', 'in', 'cancer', 'cell', 'by', 'the', 'enzym', 'telomeras', 'which', 'is', 'express', 'in', 'more', 'than', '85', 'of', 'cancer', 'up', 'to', '100', 'of', 'adenocarcinoma', 'includ', 'breast', 'cancer', 'telomeras', 'may', 'have', 'differ', 'function', 'that', 'are', 'relat', 'to', 'telomer', 'or', 'unrel', 'it', 'ha', 'been', 'shown', 'that', 'high', 'activ', 'of', 'the', 'enzym', 'in', 'cancer', 'cell', 'is', 'associ', 'with', 'poor', 'cell', 'sensit', 'to', 'therapi', 'therefor', 'telomeras', 'ha', 'becom', 'a', 'potenti', 'target', 'for', 'cancer', 'therapi', 'the', 'low', 'efficaci', 'of', 'therapi', 'ha', 'result', 'in', 'the', 'search', 'for', 'new', 'combin', 'and', 'more', 'effect', 'therapeut', 'method', 'includ', 'the', 'involv', 'of', 'telomeras', 'inhibitor', 'and', 'telomerasetarget', 'immunotherapi']","['currently', 'breast', 'cancer', 'appears', 'to', 'be', 'the', 'most', 'widespread', 'cancer', 'in', 'the', 'world', 'and', 'the', 'most', 'common', 'cause', 'of', 'cancer', 'death', 'this', 'specific', 'type', 'of', 'cancer', 'affect', 'woman', 'in', 'both', 'developed', 'and', 'developing', 'country', 'prevention', 'and', 'early', 'diagnosis', 'are', 'very', 'important', 'factor', 'for', 'good', 'prognosis', 'a', 'characteristic', 'feature', 'of', 'cancer', 'cell', 'is', 'the', 'ability', 'of', 'unlimited', 'cell', 'division', 'which', 'make', 'them', 'immortal', 'telomere', 'which', 'are', 'shortened', 'with', 'each', 'cell', 'division', 'in', 'normal', 'cell', 'are', 'rebuilt', 'in', 'cancer', 'cell', 'by', 'the', 'enzyme', 'telomerase', 'which', 'is', 'expressed', 'in', 'more', 'than', '85', 'of', 'cancer', 'up', 'to', '100', 'of', 'adenocarcinoma', 'including', 'breast', 'cancer', 'telomerase', 'may', 'have', 'different', 'function', 'that', 'are', 'related', 'to', 'telomere', 'or', 'unrelated', 'it', 'ha', 'been', 'shown', 'that', 'high', 'activity', 'of', 'the', 'enzyme', 'in', 'cancer', 'cell', 'is', 'associated', 'with', 'poor', 'cell', 'sensitivity', 'to', 'therapy', 'therefore', 'telomerase', 'ha', 'become', 'a', 'potential', 'target', 'for', 'cancer', 'therapy', 'the', 'low', 'efficacy', 'of', 'therapy', 'ha', 'resulted', 'in', 'the', 'search', 'for', 'new', 'combined', 'and', 'more', 'effective', 'therapeutic', 'method', 'including', 'the', 'involvement', 'of', 'telomerase', 'inhibitor', 'and', 'telomerasetargeted', 'immunotherapy']"
Keywords:,keywords,['keywords'],['keyword'],['keywords']
breast cancer; resistance; telomerase; therapy.,breast cancer resistance telomerase therapy,"['breast', 'cancer', 'resistance', 'telomerase', 'therapy']","['breast', 'cancer', 'resist', 'telomeras', 'therapi']","['breast', 'cancer', 'resistance', 'telomerase', 'therapy']"
PubMed Disclaimer,pubmed disclaimer,"['pubmed', 'disclaimer']","['pubm', 'disclaim']","['pubmed', 'disclaimer']"
Conflict of interest statement,conflict of interest statement,"['conflict', 'of', 'interest', 'statement']","['conflict', 'of', 'interest', 'statement']","['conflict', 'of', 'interest', 'statement']"
The authors declare no conflict of interest.,the authors declare no conflict of interest,"['the', 'authors', 'declare', 'no', 'conflict', 'of', 'interest']","['the', 'author', 'declar', 'no', 'conflict', 'of', 'interest']","['the', 'author', 'declare', 'no', 'conflict', 'of', 'interest']"
Figures,figures,['figures'],['figur'],['figure']
Figure 1,figure 1,"['figure', '1']","['figur', '1']","['figure', '1']"
"Association between hTERT, key signaling…",association between htert key signaling,"['association', 'between', 'htert', 'key', 'signaling']","['associ', 'between', 'htert', 'key', 'signal']","['association', 'between', 'htert', 'key', 'signaling']"
Figure 1,figure 1,"['figure', '1']","['figur', '1']","['figure', '1']"
"Association between hTERT, key signaling pathways, and senescence (acc. [21,22,39], modified). The hTERT…",association between htert key signaling pathways and senescence acc 212239 modified the htert,"['association', 'between', 'htert', 'key', 'signaling', 'pathways', 'and', 'senescence', 'acc', '212239', 'modified', 'the', 'htert']","['associ', 'between', 'htert', 'key', 'signal', 'pathway', 'and', 'senesc', 'acc', '212239', 'modifi', 'the', 'htert']","['association', 'between', 'htert', 'key', 'signaling', 'pathway', 'and', 'senescence', 'acc', '212239', 'modified', 'the', 'htert']"
Figure 1,figure 1,"['figure', '1']","['figur', '1']","['figure', '1']"
"Association between hTERT, key signaling pathways, and senescence (acc. [21,22,39], modified). The hTERT subunit of telomerase can be involved in various metabolic pathways (e.g., NFκB, Wnt/β-catenin, and adhesion as well as senescence) and affect the expression of various genes. Under the influence of stress, hTERT is translocated to mitochondria, where hTERT protects mitochondrial metabolism by lowering the level of ROS and binding to mtDNA.",association between htert key signaling pathways and senescence acc 212239 modified the htert subunit of telomerase can be involved in various metabolic pathways eg nfκb wntβcatenin and adhesion as well as senescence and affect the expression of various genes under the influence of stress htert is translocated to mitochondria where htert protects mitochondrial metabolism by lowering the level of ros and binding to mtdna,"['association', 'between', 'htert', 'key', 'signaling', 'pathways', 'and', 'senescence', 'acc', '212239', 'modified', 'the', 'htert', 'subunit', 'of', 'telomerase', 'can', 'be', 'involved', 'in', 'various', 'metabolic', 'pathways', 'eg', 'nfκb', 'wntβcatenin', 'and', 'adhesion', 'as', 'well', 'as', 'senescence', 'and', 'affect', 'the', 'expression', 'of', 'various', 'genes', 'under', 'the', 'influence', 'of', 'stress', 'htert', 'is', 'translocated', 'to', 'mitochondria', 'where', 'htert', 'protects', 'mitochondrial', 'metabolism', 'by', 'lowering', 'the', 'level', 'of', 'ros', 'and', 'binding', 'to', 'mtdna']","['associ', 'between', 'htert', 'key', 'signal', 'pathway', 'and', 'senesc', 'acc', '212239', 'modifi', 'the', 'htert', 'subunit', 'of', 'telomeras', 'can', 'be', 'involv', 'in', 'variou', 'metabol', 'pathway', 'eg', 'nfκb', 'wntβcatenin', 'and', 'adhes', 'as', 'well', 'as', 'senesc', 'and', 'affect', 'the', 'express', 'of', 'variou', 'gene', 'under', 'the', 'influenc', 'of', 'stress', 'htert', 'is', 'transloc', 'to', 'mitochondria', 'where', 'htert', 'protect', 'mitochondri', 'metabol', 'by', 'lower', 'the', 'level', 'of', 'ro', 'and', 'bind', 'to', 'mtdna']","['association', 'between', 'htert', 'key', 'signaling', 'pathway', 'and', 'senescence', 'acc', '212239', 'modified', 'the', 'htert', 'subunit', 'of', 'telomerase', 'can', 'be', 'involved', 'in', 'various', 'metabolic', 'pathway', 'eg', 'nfκb', 'wntβcatenin', 'and', 'adhesion', 'a', 'well', 'a', 'senescence', 'and', 'affect', 'the', 'expression', 'of', 'various', 'gene', 'under', 'the', 'influence', 'of', 'stress', 'htert', 'is', 'translocated', 'to', 'mitochondrion', 'where', 'htert', 'protects', 'mitochondrial', 'metabolism', 'by', 'lowering', 'the', 'level', 'of', 'ro', 'and', 'binding', 'to', 'mtdna']"
See this image and copyright information in PMC,see this image and copyright information in pmc,"['see', 'this', 'image', 'and', 'copyright', 'information', 'in', 'pmc']","['see', 'thi', 'imag', 'and', 'copyright', 'inform', 'in', 'pmc']","['see', 'this', 'image', 'and', 'copyright', 'information', 'in', 'pmc']"
Similar articles,similar articles,"['similar', 'articles']","['similar', 'articl']","['similar', 'article']"
Complex roles for telomeres and telomerase in breast carcinogenesis.,complex roles for telomeres and telomerase in breast carcinogenesis,"['complex', 'roles', 'for', 'telomeres', 'and', 'telomerase', 'in', 'breast', 'carcinogenesis']","['complex', 'role', 'for', 'telomer', 'and', 'telomeras', 'in', 'breast', 'carcinogenesi']","['complex', 'role', 'for', 'telomere', 'and', 'telomerase', 'in', 'breast', 'carcinogenesis']"
Artandi SE.,artandi se,"['artandi', 'se']","['artandi', 'se']","['artandi', 'se']"
Artandi SE.,artandi se,"['artandi', 'se']","['artandi', 'se']","['artandi', 'se']"
Breast Cancer Res. 2003;5(1):37-41. doi: 10.1186/bcr553. Epub 2002 Oct 29.,breast cancer res 2003513741 doi 101186bcr553 epub 2002 oct 29,"['breast', 'cancer', 'res', '2003513741', 'doi', '101186bcr553', 'epub', '2002', 'oct', '29']","['breast', 'cancer', 're', '2003513741', 'doi', '101186bcr553', 'epub', '2002', 'oct', '29']","['breast', 'cancer', 're', '2003513741', 'doi', '101186bcr553', 'epub', '2002', 'oct', '29']"
Breast Cancer Res. 2003.,breast cancer res 2003,"['breast', 'cancer', 'res', '2003']","['breast', 'cancer', 're', '2003']","['breast', 'cancer', 're', '2003']"
PMID: 12559044,pmid 12559044,"['pmid', '12559044']","['pmid', '12559044']","['pmid', '12559044']"
Free PMC article.,free pmc article,"['free', 'pmc', 'article']","['free', 'pmc', 'articl']","['free', 'pmc', 'article']"
Telomeres and telomerase: understanding basic structure and potential new therapeutic strategies targeting it in the treatment of cancer.,telomeres and telomerase understanding basic structure and potential new therapeutic strategies targeting it in the treatment of cancer,"['telomeres', 'and', 'telomerase', 'understanding', 'basic', 'structure', 'and', 'potential', 'new', 'therapeutic', 'strategies', 'targeting', 'it', 'in', 'the', 'treatment', 'of', 'cancer']","['telomer', 'and', 'telomeras', 'understand', 'basic', 'structur', 'and', 'potenti', 'new', 'therapeut', 'strategi', 'target', 'it', 'in', 'the', 'treatment', 'of', 'cancer']","['telomere', 'and', 'telomerase', 'understanding', 'basic', 'structure', 'and', 'potential', 'new', 'therapeutic', 'strategy', 'targeting', 'it', 'in', 'the', 'treatment', 'of', 'cancer']"
Sekhri K.,sekhri k,"['sekhri', 'k']","['sekhri', 'k']","['sekhri', 'k']"
Sekhri K.,sekhri k,"['sekhri', 'k']","['sekhri', 'k']","['sekhri', 'k']"
J Postgrad Med. 2014 Jul-Sep;60(3):303-8. doi: 10.4103/0022-3859.138797.,j postgrad med 2014 julsep6033038 doi 10410300223859138797,"['j', 'postgrad', 'med', '2014', 'julsep6033038', 'doi', '10410300223859138797']","['j', 'postgrad', 'med', '2014', 'julsep6033038', 'doi', '10410300223859138797']","['j', 'postgrad', 'med', '2014', 'julsep6033038', 'doi', '10410300223859138797']"
J Postgrad Med. 2014.,j postgrad med 2014,"['j', 'postgrad', 'med', '2014']","['j', 'postgrad', 'med', '2014']","['j', 'postgrad', 'med', '2014']"
PMID: 25121374,pmid 25121374,"['pmid', '25121374']","['pmid', '25121374']","['pmid', '25121374']"
Review.,review,['review'],['review'],['review']
"[Telomeres, telomerase and cancer].",telomeres telomerase and cancer,"['telomeres', 'telomerase', 'and', 'cancer']","['telomer', 'telomeras', 'and', 'cancer']","['telomere', 'telomerase', 'and', 'cancer']"
"Soria JC, Rixe O.",soria jc rixe o,"['soria', 'jc', 'rixe', 'o']","['soria', 'jc', 'rix', 'o']","['soria', 'jc', 'rixe', 'o']"
"Soria JC, et al.",soria jc et al,"['soria', 'jc', 'et', 'al']","['soria', 'jc', 'et', 'al']","['soria', 'jc', 'et', 'al']"
Bull Cancer. 1997 Oct;84(10):963-70.,bull cancer 1997 oct841096370,"['bull', 'cancer', '1997', 'oct841096370']","['bull', 'cancer', '1997', 'oct841096370']","['bull', 'cancer', '1997', 'oct841096370']"
Bull Cancer. 1997.,bull cancer 1997,"['bull', 'cancer', '1997']","['bull', 'cancer', '1997']","['bull', 'cancer', '1997']"
PMID: 9435798,pmid 9435798,"['pmid', '9435798']","['pmid', '9435798']","['pmid', '9435798']"
Review.,review,['review'],['review'],['review']
French.,french,['french'],['french'],['french']
Telomerase and breast cancer.,telomerase and breast cancer,"['telomerase', 'and', 'breast', 'cancer']","['telomeras', 'and', 'breast', 'cancer']","['telomerase', 'and', 'breast', 'cancer']"
"Herbert BS, Wright WE, Shay JW.",herbert bs wright we shay jw,"['herbert', 'bs', 'wright', 'we', 'shay', 'jw']","['herbert', 'bs', 'wright', 'we', 'shay', 'jw']","['herbert', 'b', 'wright', 'we', 'shay', 'jw']"
"Herbert BS, et al.",herbert bs et al,"['herbert', 'bs', 'et', 'al']","['herbert', 'bs', 'et', 'al']","['herbert', 'b', 'et', 'al']"
Breast Cancer Res. 2001;3(3):146-9. doi: 10.1186/bcr288. Epub 2001 Feb 22.,breast cancer res 2001331469 doi 101186bcr288 epub 2001 feb 22,"['breast', 'cancer', 'res', '2001331469', 'doi', '101186bcr288', 'epub', '2001', 'feb', '22']","['breast', 'cancer', 're', '2001331469', 'doi', '101186bcr288', 'epub', '2001', 'feb', '22']","['breast', 'cancer', 're', '2001331469', 'doi', '101186bcr288', 'epub', '2001', 'feb', '22']"
Breast Cancer Res. 2001.,breast cancer res 2001,"['breast', 'cancer', 'res', '2001']","['breast', 'cancer', 're', '2001']","['breast', 'cancer', 're', '2001']"
PMID: 11305948,pmid 11305948,"['pmid', '11305948']","['pmid', '11305948']","['pmid', '11305948']"
Free PMC article.,free pmc article,"['free', 'pmc', 'article']","['free', 'pmc', 'articl']","['free', 'pmc', 'article']"
Review.,review,['review'],['review'],['review']
Telomere biology of pediatric cancer.,telomere biology of pediatric cancer,"['telomere', 'biology', 'of', 'pediatric', 'cancer']","['telomer', 'biolog', 'of', 'pediatr', 'cancer']","['telomere', 'biology', 'of', 'pediatric', 'cancer']"
"Tabori U, Dome JS.",tabori u dome js,"['tabori', 'u', 'dome', 'js']","['tabori', 'u', 'dome', 'js']","['tabori', 'u', 'dome', 'j']"
"Tabori U, et al.",tabori u et al,"['tabori', 'u', 'et', 'al']","['tabori', 'u', 'et', 'al']","['tabori', 'u', 'et', 'al']"
Cancer Invest. 2007 Apr-May;25(3):197-208. doi: 10.1080/07357900701208683.,cancer invest 2007 aprmay253197208 doi 10108007357900701208683,"['cancer', 'invest', '2007', 'aprmay253197208', 'doi', '10108007357900701208683']","['cancer', 'invest', '2007', 'aprmay253197208', 'doi', '10108007357900701208683']","['cancer', 'invest', '2007', 'aprmay253197208', 'doi', '10108007357900701208683']"
Cancer Invest. 2007.,cancer invest 2007,"['cancer', 'invest', '2007']","['cancer', 'invest', '2007']","['cancer', 'invest', '2007']"
PMID: 17530490,pmid 17530490,"['pmid', '17530490']","['pmid', '17530490']","['pmid', '17530490']"
Review.,review,['review'],['review'],['review']
See all similar articles,see all similar articles,"['see', 'all', 'similar', 'articles']","['see', 'all', 'similar', 'articl']","['see', 'all', 'similar', 'article']"
Cited by,cited by,"['cited', 'by']","['cite', 'by']","['cited', 'by']"
Low-power red laser and blue LED modulate telomere maintenance and length in human breast cancer cells.,lowpower red laser and blue led modulate telomere maintenance and length in human breast cancer cells,"['lowpower', 'red', 'laser', 'and', 'blue', 'led', 'modulate', 'telomere', 'maintenance', 'and', 'length', 'in', 'human', 'breast', 'cancer', 'cells']","['lowpow', 'red', 'laser', 'and', 'blue', 'led', 'modul', 'telomer', 'mainten', 'and', 'length', 'in', 'human', 'breast', 'cancer', 'cell']","['lowpower', 'red', 'laser', 'and', 'blue', 'led', 'modulate', 'telomere', 'maintenance', 'and', 'length', 'in', 'human', 'breast', 'cancer', 'cell']"
"Farias TG, Santos MSD, Mencalha AL, da Fonseca AS.",farias tg santos msd mencalha al da fonseca as,"['farias', 'tg', 'santos', 'msd', 'mencalha', 'al', 'da', 'fonseca', 'as']","['faria', 'tg', 'santo', 'msd', 'mencalha', 'al', 'da', 'fonseca', 'as']","['farias', 'tg', 'santos', 'msd', 'mencalha', 'al', 'da', 'fonseca', 'a']"
"Farias TG, et al.",farias tg et al,"['farias', 'tg', 'et', 'al']","['faria', 'tg', 'et', 'al']","['farias', 'tg', 'et', 'al']"
Lasers Med Sci. 2024 Oct 7;39(1):248. doi: 10.1007/s10103-024-04194-w.,lasers med sci 2024 oct 7391248 doi 101007s1010302404194w,"['lasers', 'med', 'sci', '2024', 'oct', '7391248', 'doi', '101007s1010302404194w']","['laser', 'med', 'sci', '2024', 'oct', '7391248', 'doi', '101007s1010302404194w']","['laser', 'med', 'sci', '2024', 'oct', '7391248', 'doi', '101007s1010302404194w']"
Lasers Med Sci. 2024.,lasers med sci 2024,"['lasers', 'med', 'sci', '2024']","['laser', 'med', 'sci', '2024']","['laser', 'med', 'sci', '2024']"
PMID: 39370492,pmid 39370492,"['pmid', '39370492']","['pmid', '39370492']","['pmid', '39370492']"
Obesity-Senescence-Breast Cancer: Clinical Presentation of a Common Unfortunate Cycle.,obesitysenescencebreast cancer clinical presentation of a common unfortunate cycle,"['obesitysenescencebreast', 'cancer', 'clinical', 'presentation', 'of', 'a', 'common', 'unfortunate', 'cycle']","['obesitysenescencebreast', 'cancer', 'clinic', 'present', 'of', 'a', 'common', 'unfortun', 'cycl']","['obesitysenescencebreast', 'cancer', 'clinical', 'presentation', 'of', 'a', 'common', 'unfortunate', 'cycle']"
"Engin AB, Engin A.",engin ab engin a,"['engin', 'ab', 'engin', 'a']","['engin', 'ab', 'engin', 'a']","['engin', 'ab', 'engin', 'a']"
"Engin AB, et al.",engin ab et al,"['engin', 'ab', 'et', 'al']","['engin', 'ab', 'et', 'al']","['engin', 'ab', 'et', 'al']"
Adv Exp Med Biol. 2024;1460:821-850. doi: 10.1007/978-3-031-63657-8_27.,adv exp med biol 20241460821850 doi 1010079783031636578_27,"['adv', 'exp', 'med', 'biol', '20241460821850', 'doi', '1010079783031636578_27']","['adv', 'exp', 'med', 'biol', '20241460821850', 'doi', '1010079783031636578_27']","['adv', 'exp', 'med', 'biol', '20241460821850', 'doi', '1010079783031636578_27']"
Adv Exp Med Biol. 2024.,adv exp med biol 2024,"['adv', 'exp', 'med', 'biol', '2024']","['adv', 'exp', 'med', 'biol', '2024']","['adv', 'exp', 'med', 'biol', '2024']"
PMID: 39287873,pmid 39287873,"['pmid', '39287873']","['pmid', '39287873']","['pmid', '39287873']"
Review.,review,['review'],['review'],['review']
Impact of Molecular Profiling on Therapy Management in Breast Cancer.,impact of molecular profiling on therapy management in breast cancer,"['impact', 'of', 'molecular', 'profiling', 'on', 'therapy', 'management', 'in', 'breast', 'cancer']","['impact', 'of', 'molecular', 'profil', 'on', 'therapi', 'manag', 'in', 'breast', 'cancer']","['impact', 'of', 'molecular', 'profiling', 'on', 'therapy', 'management', 'in', 'breast', 'cancer']"
"Ultimescu F, Hudita A, Popa DE, Olinca M, Muresean HA, Ceausu M, Stanciu DI, Ginghina O, Galateanu B.",ultimescu f hudita a popa de olinca m muresean ha ceausu m stanciu di ginghina o galateanu b,"['ultimescu', 'f', 'hudita', 'a', 'popa', 'de', 'olinca', 'm', 'muresean', 'ha', 'ceausu', 'm', 'stanciu', 'di', 'ginghina', 'o', 'galateanu', 'b']","['ultimescu', 'f', 'hudita', 'a', 'popa', 'de', 'olinca', 'm', 'muresean', 'ha', 'ceausu', 'm', 'stanciu', 'di', 'ginghina', 'o', 'galateanu', 'b']","['ultimescu', 'f', 'hudita', 'a', 'popa', 'de', 'olinca', 'm', 'muresean', 'ha', 'ceausu', 'm', 'stanciu', 'di', 'ginghina', 'o', 'galateanu', 'b']"
"Ultimescu F, et al.",ultimescu f et al,"['ultimescu', 'f', 'et', 'al']","['ultimescu', 'f', 'et', 'al']","['ultimescu', 'f', 'et', 'al']"
J Clin Med. 2024 Aug 23;13(17):4995. doi: 10.3390/jcm13174995.,j clin med 2024 aug 2313174995 doi 103390jcm13174995,"['j', 'clin', 'med', '2024', 'aug', '2313174995', 'doi', '103390jcm13174995']","['j', 'clin', 'med', '2024', 'aug', '2313174995', 'doi', '103390jcm13174995']","['j', 'clin', 'med', '2024', 'aug', '2313174995', 'doi', '103390jcm13174995']"
J Clin Med. 2024.,j clin med 2024,"['j', 'clin', 'med', '2024']","['j', 'clin', 'med', '2024']","['j', 'clin', 'med', '2024']"
PMID: 39274207,pmid 39274207,"['pmid', '39274207']","['pmid', '39274207']","['pmid', '39274207']"
Free PMC article.,free pmc article,"['free', 'pmc', 'article']","['free', 'pmc', 'articl']","['free', 'pmc', 'article']"
Review.,review,['review'],['review'],['review']
All-trans-retinoic acid modulates glycolysis via H19 and telomerase: the role of mir-let-7a in estrogen receptor-positive breast cancer cells.,alltransretinoic acid modulates glycolysis via h19 and telomerase the role of mirlet7a in estrogen receptorpositive breast cancer cells,"['alltransretinoic', 'acid', 'modulates', 'glycolysis', 'via', 'h19', 'and', 'telomerase', 'the', 'role', 'of', 'mirlet7a', 'in', 'estrogen', 'receptorpositive', 'breast', 'cancer', 'cells']","['alltransretino', 'acid', 'modul', 'glycolysi', 'via', 'h19', 'and', 'telomeras', 'the', 'role', 'of', 'mirlet7a', 'in', 'estrogen', 'receptorposit', 'breast', 'cancer', 'cell']","['alltransretinoic', 'acid', 'modulates', 'glycolysis', 'via', 'h19', 'and', 'telomerase', 'the', 'role', 'of', 'mirlet7a', 'in', 'estrogen', 'receptorpositive', 'breast', 'cancer', 'cell']"
"El Habre R, Aoun R, Tahtouh R, Hilal G.",el habre r aoun r tahtouh r hilal g,"['el', 'habre', 'r', 'aoun', 'r', 'tahtouh', 'r', 'hilal', 'g']","['el', 'habr', 'r', 'aoun', 'r', 'tahtouh', 'r', 'hilal', 'g']","['el', 'habre', 'r', 'aoun', 'r', 'tahtouh', 'r', 'hilal', 'g']"
"El Habre R, et al.",el habre r et al,"['el', 'habre', 'r', 'et', 'al']","['el', 'habr', 'r', 'et', 'al']","['el', 'habre', 'r', 'et', 'al']"
BMC Cancer. 2024 May 21;24(1):615. doi: 10.1186/s12885-024-12379-3.,bmc cancer 2024 may 21241615 doi 101186s12885024123793,"['bmc', 'cancer', '2024', 'may', '21241615', 'doi', '101186s12885024123793']","['bmc', 'cancer', '2024', 'may', '21241615', 'doi', '101186s12885024123793']","['bmc', 'cancer', '2024', 'may', '21241615', 'doi', '101186s12885024123793']"
BMC Cancer. 2024.,bmc cancer 2024,"['bmc', 'cancer', '2024']","['bmc', 'cancer', '2024']","['bmc', 'cancer', '2024']"
PMID: 38773429,pmid 38773429,"['pmid', '38773429']","['pmid', '38773429']","['pmid', '38773429']"
Free PMC article.,free pmc article,"['free', 'pmc', 'article']","['free', 'pmc', 'articl']","['free', 'pmc', 'article']"
Generation and application of immortalized sheep fetal fibroblast cell line.,generation and application of immortalized sheep fetal fibroblast cell line,"['generation', 'and', 'application', 'of', 'immortalized', 'sheep', 'fetal', 'fibroblast', 'cell', 'line']","['gener', 'and', 'applic', 'of', 'immort', 'sheep', 'fetal', 'fibroblast', 'cell', 'line']","['generation', 'and', 'application', 'of', 'immortalized', 'sheep', 'fetal', 'fibroblast', 'cell', 'line']"
"Du G, Zhang C, Cao X, Li L, Zhang Y, Shang Y, Wu J.",du g zhang c cao x li l zhang y shang y wu j,"['du', 'g', 'zhang', 'c', 'cao', 'x', 'li', 'l', 'zhang', 'y', 'shang', 'y', 'wu', 'j']","['du', 'g', 'zhang', 'c', 'cao', 'x', 'li', 'l', 'zhang', 'y', 'shang', 'y', 'wu', 'j']","['du', 'g', 'zhang', 'c', 'cao', 'x', 'li', 'l', 'zhang', 'y', 'shang', 'y', 'wu', 'j']"
"Du G, et al.",du g et al,"['du', 'g', 'et', 'al']","['du', 'g', 'et', 'al']","['du', 'g', 'et', 'al']"
BMC Vet Res. 2024 May 14;20(1):198. doi: 10.1186/s12917-024-04054-3.,bmc vet res 2024 may 14201198 doi 101186s12917024040543,"['bmc', 'vet', 'res', '2024', 'may', '14201198', 'doi', '101186s12917024040543']","['bmc', 'vet', 're', '2024', 'may', '14201198', 'doi', '101186s12917024040543']","['bmc', 'vet', 're', '2024', 'may', '14201198', 'doi', '101186s12917024040543']"
BMC Vet Res. 2024.,bmc vet res 2024,"['bmc', 'vet', 'res', '2024']","['bmc', 'vet', 're', '2024']","['bmc', 'vet', 're', '2024']"
PMID: 38745180,pmid 38745180,"['pmid', '38745180']","['pmid', '38745180']","['pmid', '38745180']"
Free PMC article.,free pmc article,"['free', 'pmc', 'article']","['free', 'pmc', 'articl']","['free', 'pmc', 'article']"
"See all ""Cited by"" articles",see all cited by articles,"['see', 'all', 'cited', 'by', 'articles']","['see', 'all', 'cite', 'by', 'articl']","['see', 'all', 'cited', 'by', 'article']"
References,references,['references'],['refer'],['reference']
"Sung H., Ferlay J., Siegel R.L., Laversanne M., Soerjomataram I., Jemal A., Bray F. Global Cancer Statistics 2020: GLOBOCAN Estimates of Incidence and Mortality Worldwide for 36 Cancers in 185 Countries. CA Cancer J. Clin. 2021;71:209–249. doi: 10.3322/caac.21660.",sung h ferlay j siegel rl laversanne m soerjomataram i jemal a bray f global cancer statistics 2020 globocan estimates of incidence and mortality worldwide for 36 cancers in 185 countries ca cancer j clin 202171209249 doi 103322caac21660,"['sung', 'h', 'ferlay', 'j', 'siegel', 'rl', 'laversanne', 'm', 'soerjomataram', 'i', 'jemal', 'a', 'bray', 'f', 'global', 'cancer', 'statistics', '2020', 'globocan', 'estimates', 'of', 'incidence', 'and', 'mortality', 'worldwide', 'for', '36', 'cancers', 'in', '185', 'countries', 'ca', 'cancer', 'j', 'clin', '202171209249', 'doi', '103322caac21660']","['sung', 'h', 'ferlay', 'j', 'siegel', 'rl', 'laversann', 'm', 'soerjomataram', 'i', 'jemal', 'a', 'bray', 'f', 'global', 'cancer', 'statist', '2020', 'globocan', 'estim', 'of', 'incid', 'and', 'mortal', 'worldwid', 'for', '36', 'cancer', 'in', '185', 'countri', 'ca', 'cancer', 'j', 'clin', '202171209249', 'doi', '103322caac21660']","['sung', 'h', 'ferlay', 'j', 'siegel', 'rl', 'laversanne', 'm', 'soerjomataram', 'i', 'jemal', 'a', 'bray', 'f', 'global', 'cancer', 'statistic', '2020', 'globocan', 'estimate', 'of', 'incidence', 'and', 'mortality', 'worldwide', 'for', '36', 'cancer', 'in', '185', 'country', 'ca', 'cancer', 'j', 'clin', '202171209249', 'doi', '103322caac21660']"
-,,[],[],[]
DOI,doi,['doi'],['doi'],['doi']
-,,[],[],[]
PubMed,pubmed,['pubmed'],['pubm'],['pubmed']
"GLOBOCAN 2020 Estimated Number of Incident Cases and Deaths Worldwide, Females, All Ages (excl. NMSC) [(accessed on 14 April 2022)]. Available online: https://gco.iarc.fr/today/online-analysis-multi-bars?v=2020&mode=cancer&....",globocan 2020 estimated number of incident cases and deaths worldwide females all ages excl nmsc accessed on 14 april 2022 available online,"['globocan', '2020', 'estimated', 'number', 'of', 'incident', 'cases', 'and', 'deaths', 'worldwide', 'females', 'all', 'ages', 'excl', 'nmsc', 'accessed', 'on', '14', 'april', '2022', 'available', 'online']","['globocan', '2020', 'estim', 'number', 'of', 'incid', 'case', 'and', 'death', 'worldwid', 'femal', 'all', 'age', 'excl', 'nmsc', 'access', 'on', '14', 'april', '2022', 'avail', 'onlin']","['globocan', '2020', 'estimated', 'number', 'of', 'incident', 'case', 'and', 'death', 'worldwide', 'female', 'all', 'age', 'excl', 'nmsc', 'accessed', 'on', '14', 'april', '2022', 'available', 'online']"
"Bryś M., Laskowska M., Forma E., Krześlak A. Telomeraza—Struktura i Funkcja Oraz Regulacja Ekspresji Genu. Folia Med. Lodz. 2012;39:293–326.",bryś m laskowska m forma e krześlak a telomerazastruktura i funkcja oraz regulacja ekspresji genu folia med lodz 201239293326,"['bryś', 'm', 'laskowska', 'm', 'forma', 'e', 'krześlak', 'a', 'telomerazastruktura', 'i', 'funkcja', 'oraz', 'regulacja', 'ekspresji', 'genu', 'folia', 'med', 'lodz', '201239293326']","['bryś', 'm', 'laskowska', 'm', 'forma', 'e', 'krześlak', 'a', 'telomerazastruktura', 'i', 'funkcja', 'oraz', 'regulacja', 'ekspresji', 'genu', 'folia', 'med', 'lodz', '201239293326']","['bryś', 'm', 'laskowska', 'm', 'forma', 'e', 'krześlak', 'a', 'telomerazastruktura', 'i', 'funkcja', 'oraz', 'regulacja', 'ekspresji', 'genu', 'folium', 'med', 'lodz', '201239293326']"
"Xu Y., Goldkorn A. Telomere and Telomerase Therapeutics in Cancer. Genes. 2016;7:22. doi: 10.3390/genes7060022.",xu y goldkorn a telomere and telomerase therapeutics in cancer genes 2016722 doi 103390genes7060022,"['xu', 'y', 'goldkorn', 'a', 'telomere', 'and', 'telomerase', 'therapeutics', 'in', 'cancer', 'genes', '2016722', 'doi', '103390genes7060022']","['xu', 'y', 'goldkorn', 'a', 'telomer', 'and', 'telomeras', 'therapeut', 'in', 'cancer', 'gene', '2016722', 'doi', '103390genes7060022']","['xu', 'y', 'goldkorn', 'a', 'telomere', 'and', 'telomerase', 'therapeutic', 'in', 'cancer', 'gene', '2016722', 'doi', '103390genes7060022']"
-,,[],[],[]
DOI,doi,['doi'],['doi'],['doi']
-,,[],[],[]
PMC,pmc,['pmc'],['pmc'],['pmc']
-,,[],[],[]
PubMed,pubmed,['pubmed'],['pubm'],['pubmed']
"Krzakowski K., Krzemieniecki K. Wybrane Nowotwory: Rak Piersi. In: Gajewski P., Szczeklik A., editors. Interna Szczeklika. Medycyna Praktyczna; Kraków, Poland: 2017. pp. 2325–2329.",krzakowski k krzemieniecki k wybrane nowotwory rak piersi in gajewski p szczeklik a editors interna szczeklika medycyna praktyczna kraków poland 2017 pp 23252329,"['krzakowski', 'k', 'krzemieniecki', 'k', 'wybrane', 'nowotwory', 'rak', 'piersi', 'in', 'gajewski', 'p', 'szczeklik', 'a', 'editors', 'interna', 'szczeklika', 'medycyna', 'praktyczna', 'kraków', 'poland', '2017', 'pp', '23252329']","['krzakowski', 'k', 'krzemieniecki', 'k', 'wybran', 'nowotwori', 'rak', 'piersi', 'in', 'gajewski', 'p', 'szczeklik', 'a', 'editor', 'interna', 'szczeklika', 'medycyna', 'praktyczna', 'kraków', 'poland', '2017', 'pp', '23252329']","['krzakowski', 'k', 'krzemieniecki', 'k', 'wybrane', 'nowotwory', 'rak', 'piersi', 'in', 'gajewski', 'p', 'szczeklik', 'a', 'editor', 'interna', 'szczeklika', 'medycyna', 'praktyczna', 'kraków', 'poland', '2017', 'pp', '23252329']"
Show all 105 references,show all 105 references,"['show', 'all', '105', 'references']","['show', 'all', '105', 'refer']","['show', 'all', '105', 'reference']"
Publication types,publication types,"['publication', 'types']","['public', 'type']","['publication', 'type']"
Review,review,['review'],['review'],['review']
Actions,actions,['actions'],['action'],['action']
Search in PubMed,search in pubmed,"['search', 'in', 'pubmed']","['search', 'in', 'pubm']","['search', 'in', 'pubmed']"
Search in MeSH,search in mesh,"['search', 'in', 'mesh']","['search', 'in', 'mesh']","['search', 'in', 'mesh']"
Add to Search,add to search,"['add', 'to', 'search']","['add', 'to', 'search']","['add', 'to', 'search']"
MeSH terms,mesh terms,"['mesh', 'terms']","['mesh', 'term']","['mesh', 'term']"
Breast Neoplasms* / drug therapy,breast neoplasms drug therapy,"['breast', 'neoplasms', 'drug', 'therapy']","['breast', 'neoplasm', 'drug', 'therapi']","['breast', 'neoplasm', 'drug', 'therapy']"
Actions,actions,['actions'],['action'],['action']
Search in PubMed,search in pubmed,"['search', 'in', 'pubmed']","['search', 'in', 'pubm']","['search', 'in', 'pubmed']"
Search in MeSH,search in mesh,"['search', 'in', 'mesh']","['search', 'in', 'mesh']","['search', 'in', 'mesh']"
Add to Search,add to search,"['add', 'to', 'search']","['add', 'to', 'search']","['add', 'to', 'search']"
Breast Neoplasms* / genetics,breast neoplasms genetics,"['breast', 'neoplasms', 'genetics']","['breast', 'neoplasm', 'genet']","['breast', 'neoplasm', 'genetics']"
Actions,actions,['actions'],['action'],['action']
Search in PubMed,search in pubmed,"['search', 'in', 'pubmed']","['search', 'in', 'pubm']","['search', 'in', 'pubmed']"
Search in MeSH,search in mesh,"['search', 'in', 'mesh']","['search', 'in', 'mesh']","['search', 'in', 'mesh']"
Add to Search,add to search,"['add', 'to', 'search']","['add', 'to', 'search']","['add', 'to', 'search']"
Enzyme Inhibitors / therapeutic use,enzyme inhibitors therapeutic use,"['enzyme', 'inhibitors', 'therapeutic', 'use']","['enzym', 'inhibitor', 'therapeut', 'use']","['enzyme', 'inhibitor', 'therapeutic', 'use']"
Actions,actions,['actions'],['action'],['action']
Search in PubMed,search in pubmed,"['search', 'in', 'pubmed']","['search', 'in', 'pubm']","['search', 'in', 'pubmed']"
Search in MeSH,search in mesh,"['search', 'in', 'mesh']","['search', 'in', 'mesh']","['search', 'in', 'mesh']"
Add to Search,add to search,"['add', 'to', 'search']","['add', 'to', 'search']","['add', 'to', 'search']"
Female,female,['female'],['femal'],['female']
Actions,actions,['actions'],['action'],['action']
Search in PubMed,search in pubmed,"['search', 'in', 'pubmed']","['search', 'in', 'pubm']","['search', 'in', 'pubmed']"
Search in MeSH,search in mesh,"['search', 'in', 'mesh']","['search', 'in', 'mesh']","['search', 'in', 'mesh']"
Add to Search,add to search,"['add', 'to', 'search']","['add', 'to', 'search']","['add', 'to', 'search']"
Humans,humans,['humans'],['human'],['human']
Actions,actions,['actions'],['action'],['action']
Search in PubMed,search in pubmed,"['search', 'in', 'pubmed']","['search', 'in', 'pubm']","['search', 'in', 'pubmed']"
Search in MeSH,search in mesh,"['search', 'in', 'mesh']","['search', 'in', 'mesh']","['search', 'in', 'mesh']"
Add to Search,add to search,"['add', 'to', 'search']","['add', 'to', 'search']","['add', 'to', 'search']"
Immunotherapy,immunotherapy,['immunotherapy'],['immunotherapi'],['immunotherapy']
Actions,actions,['actions'],['action'],['action']
Search in PubMed,search in pubmed,"['search', 'in', 'pubmed']","['search', 'in', 'pubm']","['search', 'in', 'pubmed']"
Search in MeSH,search in mesh,"['search', 'in', 'mesh']","['search', 'in', 'mesh']","['search', 'in', 'mesh']"
Add to Search,add to search,"['add', 'to', 'search']","['add', 'to', 'search']","['add', 'to', 'search']"
Neoplasms* / pathology,neoplasms pathology,"['neoplasms', 'pathology']","['neoplasm', 'patholog']","['neoplasm', 'pathology']"
Actions,actions,['actions'],['action'],['action']
Search in PubMed,search in pubmed,"['search', 'in', 'pubmed']","['search', 'in', 'pubm']","['search', 'in', 'pubmed']"
Search in MeSH,search in mesh,"['search', 'in', 'mesh']","['search', 'in', 'mesh']","['search', 'in', 'mesh']"
Add to Search,add to search,"['add', 'to', 'search']","['add', 'to', 'search']","['add', 'to', 'search']"
Telomerase* / metabolism,telomerase metabolism,"['telomerase', 'metabolism']","['telomeras', 'metabol']","['telomerase', 'metabolism']"
Actions,actions,['actions'],['action'],['action']
Search in PubMed,search in pubmed,"['search', 'in', 'pubmed']","['search', 'in', 'pubm']","['search', 'in', 'pubmed']"
Search in MeSH,search in mesh,"['search', 'in', 'mesh']","['search', 'in', 'mesh']","['search', 'in', 'mesh']"
Add to Search,add to search,"['add', 'to', 'search']","['add', 'to', 'search']","['add', 'to', 'search']"
Telomere / metabolism,telomere metabolism,"['telomere', 'metabolism']","['telomer', 'metabol']","['telomere', 'metabolism']"
Actions,actions,['actions'],['action'],['action']
Search in PubMed,search in pubmed,"['search', 'in', 'pubmed']","['search', 'in', 'pubm']","['search', 'in', 'pubmed']"
Search in MeSH,search in mesh,"['search', 'in', 'mesh']","['search', 'in', 'mesh']","['search', 'in', 'mesh']"
Add to Search,add to search,"['add', 'to', 'search']","['add', 'to', 'search']","['add', 'to', 'search']"
Substances,substances,['substances'],['substanc'],['substance']
Telomerase,telomerase,['telomerase'],['telomeras'],['telomerase']
Actions,actions,['actions'],['action'],['action']
Search in PubMed,search in pubmed,"['search', 'in', 'pubmed']","['search', 'in', 'pubm']","['search', 'in', 'pubmed']"
Search in MeSH,search in mesh,"['search', 'in', 'mesh']","['search', 'in', 'mesh']","['search', 'in', 'mesh']"
Add to Search,add to search,"['add', 'to', 'search']","['add', 'to', 'search']","['add', 'to', 'search']"
Enzyme Inhibitors,enzyme inhibitors,"['enzyme', 'inhibitors']","['enzym', 'inhibitor']","['enzyme', 'inhibitor']"
Actions,actions,['actions'],['action'],['action']
Search in PubMed,search in pubmed,"['search', 'in', 'pubmed']","['search', 'in', 'pubm']","['search', 'in', 'pubmed']"
Search in MeSH,search in mesh,"['search', 'in', 'mesh']","['search', 'in', 'mesh']","['search', 'in', 'mesh']"
Add to Search,add to search,"['add', 'to', 'search']","['add', 'to', 'search']","['add', 'to', 'search']"
Related information,related information,"['related', 'information']","['relat', 'inform']","['related', 'information']"
MedGen,medgen,['medgen'],['medgen'],['medgen']
Grants and funding,grants and funding,"['grants', 'and', 'funding']","['grant', 'and', 'fund']","['grant', 'and', 'funding']"
This work was funded by Poznan University of Medical Sciences.,this work was funded by poznan university of medical sciences,"['this', 'work', 'was', 'funded', 'by', 'poznan', 'university', 'of', 'medical', 'sciences']","['thi', 'work', 'wa', 'fund', 'by', 'poznan', 'univers', 'of', 'medic', 'scienc']","['this', 'work', 'wa', 'funded', 'by', 'poznan', 'university', 'of', 'medical', 'science']"
LinkOut - more resources,linkout more resources,"['linkout', 'more', 'resources']","['linkout', 'more', 'resourc']","['linkout', 'more', 'resource']"
Full Text Sources,full text sources,"['full', 'text', 'sources']","['full', 'text', 'sourc']","['full', 'text', 'source']"
Europe PubMed Central,europe pubmed central,"['europe', 'pubmed', 'central']","['europ', 'pubm', 'central']","['europe', 'pubmed', 'central']"
MDPI,mdpi,['mdpi'],['mdpi'],['mdpi']
PubMed Central,pubmed central,"['pubmed', 'central']","['pubm', 'central']","['pubmed', 'central']"
Medical,medical,['medical'],['medic'],['medical']
MedlinePlus Health Information,medlineplus health information,"['medlineplus', 'health', 'information']","['medlineplu', 'health', 'inform']","['medlineplus', 'health', 'information']"
Full text links,full text links,"['full', 'text', 'links']","['full', 'text', 'link']","['full', 'text', 'link']"
[x],x,['x'],['x'],['x']
MDPI,mdpi,['mdpi'],['mdpi'],['mdpi']
Free PMC article,free pmc article,"['free', 'pmc', 'article']","['free', 'pmc', 'articl']","['free', 'pmc', 'article']"
[x],x,['x'],['x'],['x']
Cite,cite,['cite'],['cite'],['cite']
Copy,copy,['copy'],['copi'],['copy']
Download .nbib,download nbib,"['download', 'nbib']","['download', 'nbib']","['download', 'nbib']"
.nbib,nbib,['nbib'],['nbib'],['nbib']
Format:,format,['format'],['format'],['format']
AMA,ama,['ama'],['ama'],['ama']
APA,apa,['apa'],['apa'],['apa']
MLA,mla,['mla'],['mla'],['mla']
NLM,nlm,['nlm'],['nlm'],['nlm']
Send To,send to,"['send', 'to']","['send', 'to']","['send', 'to']"
Clipboard,clipboard,['clipboard'],['clipboard'],['clipboard']
Email,email,['email'],['email'],['email']
Save,save,['save'],['save'],['save']
My Bibliography,my bibliography,"['my', 'bibliography']","['my', 'bibliographi']","['my', 'bibliography']"
Collections,collections,['collections'],['collect'],['collection']
Citation Manager,citation manager,"['citation', 'manager']","['citat', 'manag']","['citation', 'manager']"
[x],x,['x'],['x'],['x']
NCBI Literature Resources,ncbi literature resources,"['ncbi', 'literature', 'resources']","['ncbi', 'literatur', 'resourc']","['ncbi', 'literature', 'resource']"
MeSH,mesh,['mesh'],['mesh'],['mesh']
PMC,pmc,['pmc'],['pmc'],['pmc']
Bookshelf,bookshelf,['bookshelf'],['bookshelf'],['bookshelf']
Disclaimer,disclaimer,['disclaimer'],['disclaim'],['disclaimer']
The PubMed wordmark and PubMed logo are registered trademarks of the U.S. Department of Health and Human Services (HHS). Unauthorized use of these marks is strictly prohibited.,the pubmed wordmark and pubmed logo are registered trademarks of the us department of health and human services hhs unauthorized use of these marks is strictly prohibited,"['the', 'pubmed', 'wordmark', 'and', 'pubmed', 'logo', 'are', 'registered', 'trademarks', 'of', 'the', 'us', 'department', 'of', 'health', 'and', 'human', 'services', 'hhs', 'unauthorized', 'use', 'of', 'these', 'marks', 'is', 'strictly', 'prohibited']","['the', 'pubm', 'wordmark', 'and', 'pubm', 'logo', 'are', 'regist', 'trademark', 'of', 'the', 'us', 'depart', 'of', 'health', 'and', 'human', 'servic', 'hh', 'unauthor', 'use', 'of', 'these', 'mark', 'is', 'strictli', 'prohibit']","['the', 'pubmed', 'wordmark', 'and', 'pubmed', 'logo', 'are', 'registered', 'trademark', 'of', 'the', 'u', 'department', 'of', 'health', 'and', 'human', 'service', 'hhs', 'unauthorized', 'use', 'of', 'these', 'mark', 'is', 'strictly', 'prohibited']"
Follow NCBI,follow ncbi,"['follow', 'ncbi']","['follow', 'ncbi']","['follow', 'ncbi']"
Twitter,twitter,['twitter'],['twitter'],['twitter']
Facebook,facebook,['facebook'],['facebook'],['facebook']
LinkedIn,linkedin,['linkedin'],['linkedin'],['linkedin']
GitHub,github,['github'],['github'],['github']
Connect with NLM,connect with nlm,"['connect', 'with', 'nlm']","['connect', 'with', 'nlm']","['connect', 'with', 'nlm']"
Twitter,twitter,['twitter'],['twitter'],['twitter']
SM-Facebook,smfacebook,['smfacebook'],['smfacebook'],['smfacebook']
SM-Youtube,smyoutube,['smyoutube'],['smyoutub'],['smyoutube']
National Library of Medicine,national library of medicine,"['national', 'library', 'of', 'medicine']","['nation', 'librari', 'of', 'medicin']","['national', 'library', 'of', 'medicine']"
8600 Rockville Pike,8600 rockville pike,"['8600', 'rockville', 'pike']","['8600', 'rockvil', 'pike']","['8600', 'rockville', 'pike']"
"Bethesda, MD 20894",bethesda md 20894,"['bethesda', 'md', '20894']","['bethesda', 'md', '20894']","['bethesda', 'md', '20894']"
Web Policies,web policies,"['web', 'policies']","['web', 'polici']","['web', 'policy']"
FOIA,foia,['foia'],['foia'],['foia']
HHS Vulnerability Disclosure,hhs vulnerability disclosure,"['hhs', 'vulnerability', 'disclosure']","['hh', 'vulner', 'disclosur']","['hhs', 'vulnerability', 'disclosure']"
Help,help,['help'],['help'],['help']
Accessibility,accessibility,['accessibility'],['access'],['accessibility']
Careers,careers,['careers'],['career'],['career']
NLM,nlm,['nlm'],['nlm'],['nlm']
NIH,nih,['nih'],['nih'],['nih']
HHS,hhs,['hhs'],['hh'],['hhs']
USA.gov,usagov,['usagov'],['usagov'],['usagov']
