Titre,Description,URL
Un coup de maÃ®treÂ : ce gÃ©nie candidate automatiquement Ã  1300 emplois grÃ¢ce Ã  lâ€™IA,Une utilisation bluffante de cette technologie.,https://www.presse-citron.net/un-coup-de-maitre-ce-genie-candidate-automatiquement-a-1300-emplois-grace-a-lia/
Le nombre de vidÃ©os en franÃ§ais sur YouTube va exploser grÃ¢ce Ã  cette technologie,"Google dÃ©ploie une technologie de doublage automatique qui peut rendre les vidÃ©os YouTube anglaises disponibles en franÃ§ais, et vice-versa. Cela peut aider les crÃ©ateurs Ã  Ã©tendre leur communautÃ©, tout en permettant aux utilisateurs de la plateforme de profitâ€¦",https://www.presse-citron.net/le-nombre-de-videos-en-francais-sur-youtube-va-exploser-grace-a-cette-technologie/
Lâ€™IA va changer la faÃ§on dont vous lisez des livres dâ€™aprÃ¨s cet expert majeur,Le spÃ©cialiste a expliquÃ© en quoi la technologie peut bousculer nos habitudes.,https://www.presse-citron.net/lia-va-changer-la-facon-dont-vous-lisez-des-livres-dapres-cet-expert-majeur/
Â«Â Une batterie Ã©ternelleÂ Â» : des scientifiques dÃ©couvrent une technologie qui pourrait tout changer,"Afin de construire des batteries toujours plus endurantes, des chercheurs ont eu l'idÃ©e d'utiliser des diamants. Les rÃ©sultats sont impressionnants.",https://www.presse-citron.net/une-batterie-eternelle-des-scientifiques-decouvrent-une-technologie-qui-pourrait-tout-changer/
Galaxy S25 : Samsung rÃ©invente son assistant avec cette technologie,"Longtemps oubliÃ©, Bixby, l'assistant personnel de Samsung, fait son retour par la grande porte avec des fonctionnalitÃ©s plus intelligentes. Ã€ chaque",https://www.frandroid.com/marques/samsung/2442758_galaxy-s25-samsung-reinvente-son-assistant-avec-cette-technologie
"De lâ€™entrÃ©e de gamme au monstre de puissance, voici 3 configurations PC idÃ©ales pour fin 2024Â !","Dans un monde oÃ¹ la technologie Ã©volue Ã  un rythme effrÃ©nÃ©, choisir la configuration PC idÃ©ale peut s'avÃ©rer Ãªtre un vÃ©ritable dÃ©fi.",https://www.journaldugeek.com/dossier/de-lentree-de-gamme-au-monstre-de-puissance-voici-3-configurations-pc-ideales-pour-fin-2024/
Â«Reconnecter la technologie aux communautÃ©s vivantesÂ»,"Il est possible, si lâ€™on ne veut pas abandonner lâ€™avenir du numÃ©rique aux Big Tech, de sâ€™engager dans des voies alternatives plus collectives et moins marchandes.",https://www.liberation.fr/forums/reconnecter-la-technologie-aux-communautes-vivantes-20241210_AVDU3SABTZBALLQZ7MZTESSSIQ/
Une nouvelle gÃ©nÃ©ration de processeurs arrive en 2025Â : â€œla technologie la plus avancÃ©e dans lâ€™industrie des semi-conducteursâ€,"TSMC publie de nouvelles informations sur les puces N2, une nouvelle gÃ©nÃ©ration de processeurs qui va rÃ©volutionner les performances sur les smartphones et certains PC. Dâ€™aprÃ¨s celle-ci, ses clients sont dÃ©jÃ  en train de valider leurs puces basÃ©es sur cette nâ€¦",https://www.presse-citron.net/une-nouvelle-generation-de-processeurs-arrive-en-2025-la-technologie-la-plus-avancee-dans-lindustrie-des-semi-conducteurs/
Ces ingÃ©nieurs viennent dâ€™humaniser les robots en leur donnant le sens du toucher,"Une Ã©quipe de chercheurs vient de dÃ©voiler SonicSense, une technologie permettant aux robots d'interprÃ©ter leur environnement par les vibrations acoustiques.",https://www.presse-citron.net/ces-ingenieurs-viennent-dhumaniser-les-robots-en-leur-donnant-le-sens-du-toucher/
"Starlink dans votre smartphone, ce sera bientÃ´t possible","Câ€™est officiel : les autoritÃ©s amÃ©ricaines ont donnÃ© leur feu vert Ã  SpaceX pour connecter directement les smartphones au rÃ©seau Starlink. En partenariat avec T-Mobile, cette nouvelle technologie apportera du signal dans les endroits les plus reculÃ©s.",https://www.journaldugeek.com/2024/12/01/starlink-dans-votre-smartphone-ce-sera-bientot-possible/
Piratage massif aux Ã‰tats-UnisÂ : le FBI recommande les messageries chiffrÃ©es,"Une vaste cyberattaque menÃ©e par des pirates chinois cible les infrastructures tÃ©lÃ©coms amÃ©ricaines, poussant le FBI Ã  conseiller lâ€™utilisation de messageries chiffrÃ©es. Une posture surprenante pour une agence qui milite souvent contre cette technologie.",https://www.journaldugeek.com/2024/12/07/piratage-massif-aux-etats-unis-le-fbi-recommande-les-messageries-chiffrees/
OpenAI sâ€™allie Ã  Anduril pour dÃ©velopper une IA militaire,"Comme de nombreux grands noms de l'IA, l'entreprise de Sam Altman continue sa percÃ©e dans ce domaine qu'elle s'engageait autrefois Ã  rejeter.",https://www.journaldugeek.com/2024/12/06/openai-sallie-a-anduril-pour-developper-une-ia-militaire/
Razer X InterhapticsÂ : cette sociÃ©tÃ© lilloise est en train de rÃ©volutionner le monde,"Dans les locaux dâ€™Interhaptics Ã  Lille, une Ã©quipe de passionnÃ©s redÃ©finit notre faÃ§on dâ€™interagir avec la technologie. Portrait dâ€™une success-story Ã  la franÃ§aise qui dÃ©passe le cadre du gaming.",https://www.presse-citron.net/razer-x-interhaptics-cette-societe-lilloise-est-en-train-de-revolutionner-le-monde/
Tesla et Rivian trouvent un accord aprÃ¨s 4 ans de bataille juridique,Le conflit opposant les deux gÃ©ants de la voiture Ã©lectrique touche Ã  sa fin. Tesla et Rivian ont annoncÃ© un accord pour clore leur diffÃ©rend sur le prÃ©sumÃ© vol de technologie de batteries.,https://www.presse-citron.net/tesla-et-rivian-trouvent-un-accord-apres-4-ans-de-bataille-juridique/
1 000 km dâ€™autonomie en voiture Ã©lectrique : cette nouvelle technologie de batterie promet du lourd,"Les fabricants de batteries explorent plusieurs pistes pour ""l'aprÃ¨s"" LFP (les batteries sans cobalt), en mettant l'accent notamment sur une meilleure densitÃ© Ã©nergÃ©tique et un poids plus contenu. Une rÃ©cente Ã©tude rÃ©vÃ¨le que les accumulateurs avec une anode â€¦",https://www.frandroid.com/survoltes/voitures-electriques/2436246_1-000-km-dautonomie-en-voiture-electrique-cette-nouvelle-technologie-de-batterie-promet-du-lourd
Cette voiture Ã©lectrique chinoise reprend la meilleure technologie du Cybertruck avec un volant rÃ©volutionnaire,"La Nio ET9, porte-Ã©tendard de la marque chinoise, continue de livrer ses secrets. AprÃ¨s avoir dÃ©voilÃ© sa charge ultra rapide ou sa suspension rÃ©volutionnaire, Nio vient de prÃ©senter son systÃ¨me de direction sans fil, baptisÃ© ""steer-by-wire"", dÃ©jÃ  prÃ©sent sur â€¦",https://www.frandroid.com/marques/nio/2434248_cette-voiture-electrique-chinoise-reprend-la-meilleure-technologie-du-cybertruck-avec-un-volant-revolutionnaire
Voiture Ã©lectriqueÂ : le fournisseur de Tesla annonce lâ€™arrivÃ©e de batteries beaucoup moins chÃ¨res,"Les voitures Ã©lectriques abordables ne sont peut-Ãªtre plus un rÃªve lointain. CATL, le plus grand fabricant mondial de batteries et fournisseur privilÃ©giÃ© de Tesla, annonce une innovation majeure dans le domaine des batteries sodium.",https://www.presse-citron.net/voiture-electrique-le-fournisseur-de-tesla-annonce-larrivee-de-batteries-beaucoup-moins-cheres/
"Les prochaines Apple Watch adopteraient enfin cette technologie, cinq ans aprÃ¨s lâ€™iPhone",Apple dÃ©ciderait de passer enfin ses Apple Watch de la 4G Ã  la 5G avec un nouveau modÃ¨le prÃ©vu pour intÃ©grer ses montres connectÃ©es en 2025 L'Apple Watch,https://www.frandroid.com/marques/apple/2439396_les-prochaines-apple-watch-adopteraient-enfin-cette-technologie-cinq-ans-apres-liphone
Apple prÃ©parerait dÃ©jÃ  la prochaine rÃ©volution pour les Ã©crans de MacBook,"AprÃ¨s avoir lancÃ© son premier iPad Pro avec Ã©cran OLED en 2024, Apple prÃ©parerait lâ€™arrivÃ©e des premiers MacBook OLED. Dâ€™aprÃ¨s une rÃ©cente publication de Trendforce, les MacBook OLED arriveraient entre 2026 et 2027, mais Apple aurait dÃ©jÃ  demandÃ© Ã  ses fourniâ€¦",https://www.presse-citron.net/apple-preparerait-deja-la-prochaine-revolution-pour-les-ecrans-de-macbook/
Un futur sans clics ni touchesÂ : cette IA redÃ©finit la faÃ§on dont on utilise les ordinateurs,"Dans un avenir proche, on pourra demander Ã  une intelligence artificielle de rÃ©aliser des tÃ¢ches sur notre PC, sans toucher aux claviers et Ã  la souris. En sâ€™appuyant sur une nouveautÃ© dâ€™Anthropic, la startup Hume AI donne un aperÃ§u de ce qui sera possible.",https://www.presse-citron.net/un-futur-sans-clics-ni-touches-cette-ia-redefinit-la-facon-dont-on-utilise-les-ordinateurs/
Dossier : L'intelligence artificielle : une rÃ©volution technologique aux lourdes consÃ©quences environnementales,L'intelligence artificielle consomme des quantitÃ©s astronomiques d'Ã©lectricitÃ©. Voici un panorama de l'impact environnemental actuel et prÃ©visionnel de cette technologie.,https://www.lesnumeriques.com/intelligence-artificielle/l-intelligence-artificielle-une-revolution-technologique-aux-lourdes-consequences-environnementales-a230434.html
Samsung a dÃ©jÃ  planchÃ© sur une batterie pliable pour ses futurs smartphones,"Un brevet Samsung dÃ©crit une batterie pliable qui permettrait dâ€™optimiser la gestion de lâ€™espace et lâ€™autonomie des smartphones pliants. Mais pour le moment, rien ne garantit que Samsung va dÃ©velopper cette technologie.",https://www.presse-citron.net/samsung-a-deja-planche-sur-une-batterie-pliable-pour-ses-futurs-smartphones/
"Genre, Ã¢ge, handicapâ€¦ Lâ€™IA renforce-t-elle les inÃ©galitÃ©s au travailÂ ?",Lâ€™accÃ¨s aux formations Ã  lâ€™IA varie drastiquement selon les catÃ©gories de personnes. Et câ€™est un gros problÃ¨me.,https://www.presse-citron.net/genre-age-handicap-lia-renforce-t-elle-les-inegalites-au-travail/
Et si la navigation quantique remplaÃ§ait nos bons vieux GPSÂ ?,"Le GPS pourrait bien devenir un outil du passÃ©. Face aux limites des satellites, notamment en cas de brouillage ou en milieu hostile, lâ€™armÃ©e amÃ©ricaine mise sur la navigation quantique. Une technologie qui pourrait bientÃ´t guider avions, naviresâ€¦ et peut-Ãªtrâ€¦",https://www.journaldugeek.com/2024/12/14/et-si-la-navigation-quantique-remplacait-nos-bons-vieux-gps/
MAX OLEDÂ : des Ã©crans OLED plus grands Ã  moindre coÃ»t,"Applied Materials vient de lever le voile sur sa plateforme MAX OLED, qui pourrait bien changer la donne dans lâ€™industrie des Ã©crans. En simplifiant la fabrication et en abaissant les coÃ»ts, cette technologie pourrait Ã©tendre lâ€™usage de l'OLED bien au-delÃ  deâ€¦",https://www.journaldugeek.com/2024/11/30/max-oled-des-ecrans-oled-plus-grands-a-moindre-cout/
La police utilise un hologramme de la victime pour relancer un Cold Case,"Quinze ans aprÃ¨s le meurtre brutal de Bernadett Â« Betty Â» SzabÃ³ dans le quartier rouge dâ€™Amsterdam, la police nÃ©erlandaise mise sur une technologie inÃ©dite pour raviver les souvenirs des tÃ©moins. Un hologramme grandeur nature de la jeune Hongroise, tuÃ©e en 20â€¦",https://www.journaldugeek.com/2024/11/26/la-police-utilise-un-hologramme-de-la-victime-pour-relancer-un-cold-case/
ActualitÃ© : Tencent se lance sur le marchÃ© des consoles PC portable avec une technologie inspirÃ©e par Nintendo,"Tencent vient de lever le voile sur la Sunday Dragon 3D One, dÃ©veloppÃ©e en partenariat avec Intel. Comme la 3DS avant elle, cette ""console-portable-PC-gamer"" serait capable de donner l'illusion de la 3D sans aucun besoin de lunettes adaptÃ©es.",https://www.lesnumeriques.com/console-de-jeu/tencent-se-lance-sur-le-marche-des-consoles-pc-portable-avec-une-technologie-inspiree-par-nintendo-n230218.html
Le Dolby Atmos a un nouveau rival,"L'entreprise britannique Audioscenic vient dâ€™annoncer le dÃ©veloppement d'Amphi Hi-D, une technologie de son spatial multicanal qui promet de transformer l'expÃ©rience audio des utilisateurs sans nÃ©cessiter de casque et qui compte bien rivaliser avec lâ€™omniprÃ©sâ€¦",https://www.frandroid.com/produits-android/audio/2438208_le-dolby-atmos-a-un-nouveau-rival
Un capot qui a du ressortÂ : Volkswagen booste la sÃ©curitÃ© des piÃ©tons,"La sÃ©curitÃ© des piÃ©tons reste une prioritÃ© pour les constructeurs automobiles. Volkswagen a dÃ©voilÃ© un systÃ¨me de Â« capot actifÂ Â» sur lâ€™ID.7, une nouveautÃ© pour rÃ©duire les blessures lors dâ€™un Ã©ventuel impact avec un piÃ©ton.",https://www.journaldugeek.com/2024/11/23/un-capot-qui-a-du-ressort-volkswagen-booste-la-securite-des-pietons/
Apple prÃ©parerait une version â€œLLMâ€ de Siri pour 2026Â : quâ€™est-ce que Ã§a changeÂ ?,"Siri prÃ©parerait une version amÃ©liorÃ©e de Siri, qui serait plus proche de ChatGPT et de Gemini. La marque Ã  la pomme pourrait prÃ©senter cette nouveautÃ© en 2025, puis lancer celle-ci au printemps 2026.",https://www.presse-citron.net/apple-preparerait-une-version-llm-de-siri-pour-2026-quest-ce-que-ca-change/
Google rÃ©volutionne lâ€™informatique quantique avec sa puce Willow,"Google vient de franchir une Ã©tape historique dans l'informatique quantique avec sa nouvelle puce Willow, qui reprÃ©sente une avancÃ©e majeure dans deux domaines critiques.",https://www.journaldugeek.com/2024/12/12/google-revolutionne-linformatique-quantique-avec-sa-puce-willow/
Volkswagen veut amÃ©liorer la sÃ©curitÃ© des piÃ©tons avec cette idÃ©e atypique pour ses voitures,"La sÃ©curitÃ© des piÃ©tons reste une prioritÃ© pour les constructeurs automobiles. Volkswagen a dÃ©voilÃ© un systÃ¨me de Â« capot actifÂ Â» sur lâ€™ID.7, une nouveautÃ© pour rÃ©duire les blessures lors dâ€™un Ã©ventuel impact avec un piÃ©ton.",https://www.journaldugeek.com/2024/11/25/volkswagen-veut-ameliorer-la-securite-des-pietons-avec-cette-idee-atypique-pour-ses-voitures/
ECOVACSÂ : faites des Ã©conomies XXL sur un aspirateur robot tout-en-un pour le Black Friday,"Pendant seulement quelques jours, les meilleurs produits ECOVACS voient leurs prix dÃ©gringoler. Profitez du Black Friday avant quâ€™il ne soit trop tard !",https://www.journaldugeek.com/2024/11/18/ecovacs-faites-des-economies-xxl-sur-un-aspirateur-robot-tout-en-un-pour-le-black-friday/
"Le prix des brosses Ã  dents sonique de Oclean est en forte baisse, attention stock limitÃ© !",RÃ©volutionnez votre hygiÃ¨ne dentaire avec les brosses Ã  dents Ã©lectriques Oclean Ã  prix canon pour Black Friday !,https://www.journaldugeek.com/bon-plan/le-prix-des-brosses-a-dents-sonique-de-oclean-est-en-forte-baisse-attention-stock-limite/
The Premiere de Samsung devient le premier projecteur certifiÃ© 8K,"The Premiere 8K, que Samsung prÃ©sentait pour la premiÃ¨re fois au CES 2024, vient d'obtenir la certification 8KA de la part de l'association du mÃªme nom.",https://www.journaldugeek.com/2024/12/17/the-premiere-samsung-devient-premier-projecteur-certifie-8k/
"Offrez-vous lâ€™aspirateur robot de vos rÃªves, ECOVACS sacrifie ses prix pour Black Friday",Câ€™est le moment de vous faire plaisir avec un aspirateur robot et de gagner du temps et de lâ€™Ã©nergie au quotidien. Voici les meilleures offres ECOVACS pendant le Black Friday.,https://www.presse-citron.net/offrez-vous-laspirateur-robot-de-vos-reves-ecovacs-sacrifie-ses-prix-pour-black-friday/
Fugatto - L'IA qui transforme n'importe quel son Ã  la demande,"Les magiciens de chez NVIDIA viennent de dÃ©voiler une technologie qui va faire trembler le monde de lâ€™audio. Son petit nom ? Fugatto, un modÃ¨le dâ€™intelligence artificielle qui transforme littÃ©ralement nâ€™importe quel son sur simple demande textuelle.
Cette IA â€¦",https://korben.info/fugatto-ia-nvidia-transformation-son-audio.html
Neuralink veut rÃ©volutionner la santÃ© avec des bras robotisÃ©s contrÃ´lÃ©s par la pensÃ©e,"Neuralink, lâ€™entreprise de neurotechnologie dâ€™Elon Musk, lance une nouvelle phase dâ€™expÃ©rimentation prometteuse.",https://www.presse-citron.net/neuralink-veut-revolutionner-la-sante-avec-des-bras-robotises-controles-par-la-pensee/
"Tout savoir sur â€œGauss2â€, la nouvelle IA dÃ©veloppÃ©e par Samsung","Samsung vient de prÃ©senter Gauss2, une nouvelle version de son concurrent de ChatGPT. Celui-ci est dÃ©jÃ  utilisÃ© en interne pour augmenter la productivitÃ© de Samsung, et la marque corÃ©enne a toujours lâ€™intention de proposer cette technologie Ã  ses clients. Parâ€¦",https://www.presse-citron.net/tout-savoir-sur-gauss2-la-nouvelle-ia-developpee-par-samsung/
Apple aurait franchi un pas de plus vers lâ€™iPhone pliable,Apple aurait dÃ©butÃ© le â€œprocessus de dÃ©veloppement officielâ€ de son futur iPhone pliable.,https://www.presse-citron.net/apple-aurait-franchi-un-pas-de-plus-vers-liphone-pliable/
"En 2010 il fallait payer 10Â 000 Bitcoins pour une pizza, il vient maintenant de dÃ©passer les 100Â 000 dollars",Le Bitcoin vient de franchir un cap historique en dÃ©passant les 100 000 dollars. Un moment symbolique qui nous rappelle le chemin parcouru depuis la premiÃ¨re transaction Â« rÃ©elle Â» en Bitcoin : lâ€™achat de deux pizzas pour 10 000 BTC en 2010.,https://www.presse-citron.net/en-2010-il-fallait-payer-10-000-bitcoins-pour-une-pizza-il-vient-maintenant-de-depasser-les-100-000-dollars/
Cyclone Chido Ã  MayotteÂ : la technologie spatiale du Cnes au service des secours,"Le Centre national dâ€™Ã©tudes spatiales a activÃ© ce lundi 16Â dÃ©cembre le Copernicus Emergency Management Service, dispositif permettant de mobiliser les images satellites pour lâ€™aide humanitaire sur lâ€™archipel dÃ©vastÃ©.",https://www.liberation.fr/environnement/climat/cyclone-chido-a-mayotte-la-technologie-spatiale-du-cnes-au-service-des-secours-20241216_J6UD5D6QWFEUHCSOK5LSNRM66M/
Voici pourquoi vous prenez un risque quand vous Ã©changez un texto RCS entre iPhone et Android,"Dans un communiquÃ©, Samsung se rÃ©jouit de lâ€™adoption du protocole RCS par lâ€™iPhone, mais il rappelle que le chiffrement qui sÃ©curise les discussions nâ€™est disponible que pour les textos entre smartphones Android.",https://www.presse-citron.net/voici-pourquoi-vous-prenez-un-risque-quand-vous-echangez-un-texto-rcs-entre-iphone-et-android/
ActualitÃ© : Shoei et Eyelights prÃ©sentent un casque moto qui va rÃ©volutionner la sÃ©curitÃ©,"Shoei a profitÃ© de lâ€™EICMA 2024 pour prÃ©senter le fruit de son partenariat avec Eyelights, une entreprise franÃ§aise spÃ©cialisÃ© dans lâ€™affichage tÃªte haute pour moto.",https://www.lesnumeriques.com/accessoire-moto/shoei-et-eyelights-presentent-un-casque-moto-qui-va-revolutionner-la-securite-n229114.html
ActualitÃ© : iPhone 17 Pro et Pro Max : Apple aurait du nouveau pour lâ€™Ã©cran,"Lâ€™Ã©cran des iPhone 17 Pro et 17 Pro Max vient de faire parler de lui. Dâ€™aprÃ¨s une rÃ©cente rumeur, Apple opterait pour une nouvelle technologie de dalle aux multiples avantages, notamment du cÃ´tÃ© de la consommation Ã©nergÃ©tique.",https://www.lesnumeriques.com/telephone-portable/iphone-17-pro-et-pro-max-apple-aurait-du-nouveau-pour-l-ecran-n230451.html
"ActualitÃ© : Charge SuperSonic, capacitÃ© accrueÂ : Realme veut redÃ©finir lâ€™avenir des batteries de smartphones","Les utilisateurs de smartphones chinois bÃ©nÃ©ficient souvent d'innovations Ã©tonnantes que leurs concurrents tardent Ã  intÃ©grer. Entre charge ultra-rapide et batteries de grande capacitÃ©, certains constructeurs comme Realme tentent de repousser les limites de lâ€¦",https://www.lesnumeriques.com/telephone-portable/charge-supersonic-capacite-accrue-realme-veut-redefinir-l-avenir-des-batteries-de-smartphones-n230333.html
"Dans le rush du Black Friday, Amazon oublie sa marge sur cette TV 4K Philips 55â€³ ","Vous souhaitez vous Ã©quiper d'une nouvelle TV, mais vous n'avez pas un gros budget Ã  y consacrer ? Amazon propose justement une remise CHOC sur ce tÃ©lÃ©viseur 4K Philips de 50 pouces, qui passe Ã  un prix on ne peut plus abordable.",https://www.journaldugeek.com/bon-plan/dans-le-rush-du-black-friday-amazon-oublie-sa-marge-sur-cette-tv-4k-philips-55/
Live de NoÃ«lÂ : Ã  vous lâ€™aspirateur de vos rÃªves ECOVACSÂ !,"Ã€ lâ€™occasion de notre Live spÃ©cial NoÃ«l, on a dÃ©cidÃ© de vous offrir de quoi vous simplifier le quotidien avec ECOVACS.",https://www.journaldugeek.com/2024/12/12/live-de-noel-a-vous-laspirateur-de-vos-reves-ecovacs/
"Ã€ J-12 de NoÃ«l, ce tÃ©lÃ©viseur Philips 4K Ambilight de 65â€³ est proposÃ© Ã  un prix vraiment avantageux","GrÃ¢ce Ã  une gÃ©nÃ©reuse remise concÃ©dÃ©e par Amazon, la TV 4K Philips PUS8109 de 65 pouces avec Ambilight devient bien plus avantageuse. C'est l'occasion rÃªvÃ©e de s'offrir un nouveau tÃ©lÃ©viseur, ou de faire plaisir Ã  vos proches pour NoÃ«l.",https://www.journaldugeek.com/bon-plan/a-j-12-de-noel-ce-televiseur-philips-4k-ambilight-de-65-est-propose-a-un-prix-vraiment-avantageux/
Les passkeys - La meilleure mÃ©thode de connexion (sans mot de passe),"Adieu les mots de passe compliquÃ©s Ã  retenir, bonjour les passkeys ! Cette technologie nouvelle est en train de modifier radicalement la faÃ§on dont nous nous connectons Ã  nos comptes en ligne. Alors que la gestion des mots de passe devient de plus en plus conâ€¦",https://korben.info/passkeys-nouvelle-methode-connexion-sans-mot-de-passe.html
â€œMake games great againâ€ : Elon Musk veut lancer son propre studio de jeux vidÃ©o,"Elon Musk annonce la crÃ©ation dâ€™un studio de jeux vidÃ©o qui sâ€™appuiera sur lâ€™intelligence artificielle au sein de son laboratoire dâ€™IA xAI. LancÃ© en 2023, xAI est un concurrent dâ€™OpenAI qui a dÃ©jÃ  dÃ©veloppÃ© une technologie baptisÃ©e Grok pour rivaliser avec ceâ€¦",https://www.presse-citron.net/make-games-great-again-elon-musk-veut-lancer-son-propre-studio-de-jeux-video/
Black Friday SamsungÂ : cet Ã©cran PC gaming Odyssey OLED est Ã  -40% sur Amazon ,"L'Ã©cran PC Gaming Odyssey OLED G6 est vraiment leÂ must pour jouer. Pour le Black Friday, Amazon lui applique une remise ultra gÃ©nÃ©reuse de -40%. Il faut cependant vous dÃ©pÃªcher car le stock est dÃ©jÃ  presque Ã©puisÃ©.",https://www.journaldugeek.com/bon-plan/black-friday-samsung-cet-ecran-pc-gaming-odyssey-oled-est-a-40-sur-amazon/
Pourquoi Free vient dâ€™Ãªtre condamnÃ© pour publicitÃ© trompeuseÂ ?,Lâ€™opÃ©rateur fait les frais de poursuites datant de 2021.,https://www.presse-citron.net/pourquoi-free-vient-detre-condamne-pour-publicite-trompeuse/
"En 2010 il fallait payer 10Â 000 BTC pour une pizza, le Bitcoin vient maintenant de dÃ©passer les 100Â 000 dollars",Le Bitcoin vient de franchir un cap historique en dÃ©passant les 100 000 dollars. Un moment symbolique qui nous rappelle le chemin parcouru depuis la premiÃ¨re transaction Â« rÃ©elle Â» en Bitcoin : lâ€™achat de deux pizzas pour 10 000 BTC en 2010.,https://www.presse-citron.net/en-2010-il-fallait-payer-10-000-btc-pour-une-pizza-le-bitcoin-vient-maintenant-de-depasser-les-100-000-dollars/
Galaxy S25Â : Samsung prendrait enfin en charge la norme sans fil Qi2,"La future sÃ©rie Samsung Galaxy S25 s'annonce plus intÃ©ressante que prÃ©vu. Selon le leaker rÃ©putÃ© Ice Universe, ces smartphones pourraient intÃ©grer la technologie de charge sans fil Qi2, marquant potentiellement un tournant majeur pour l'Ã©cosystÃ¨me Android.",https://www.frandroid.com/marques/samsung/2436242_galaxy-s25-samsung-prendrait-enfin-en-charge-la-norme-sans-fil-qi2
nubia Z70 UltraÂ : le nouveau flagship killerÂ ?,"Le monde des smartphones est en constante Ã©volution, mais rares sont les appareils qui parviennent vÃ©ritablement Ã  redÃ©finir les standards de l'industrie. Pourtant le nubia Z70 Ultra semble bien parti pour faire parler de lui dans les prochaines semaines.",https://www.journaldugeek.com/2024/11/25/nubia-z70-ultra-le-nouveau-flagship-killer/
Black FridayÂ : les meilleurs aspirateurs Roborock sont remisÃ©s jusquâ€™Ã  400â‚¬,"Pour faire briller votre logement de mille feux, Roborock dÃ©voile des offres exceptionnelles pendant le Black Friday. On fait le point.",https://www.journaldugeek.com/2024/11/18/black-friday-les-meilleurs-aspirateurs-roborock-sont-remises-jusqua-400e/
Android 16 intÃ¨gre enfin le partage audio par Bluetooth Auracast,"La derniÃ¨re version d'Android, actuellement en phase de dÃ©veloppement, apporte une fonctionnalitÃ© attendue : le partage audio multiple via la technologie Auracast. Cette derniÃ¨re permet de diffuser simultanÃ©ment du contenu audio vers plusieurs appareils Bluetâ€¦",https://www.frandroid.com/produits-android/audio/2412320_android-16-integre-enfin-le-partage-audio-par-bluetooth-auracast
Â«Â Une requÃªte sur ChatGPT demande 10 fois plus dâ€™Ã©nergie quâ€™une recherche sur GoogleÂ Â»Â : lâ€™impact Ã©nergÃ©tique de lâ€™IA au cÅ“ur des dÃ©bats,"VÃ©ritable rÃ©volution industrielle et technologie, l'essor de l'intelligence artificielle soulÃ¨ve des questions en termes dâ€™impact environnemental. Un congrÃ¨s Ã  Paris, organisÃ© par l'Agence internationale de l'Ã©nergie, rÃ©unit industriels et politiques pour expâ€¦",https://www.frandroid.com/culture-tech/intelligence-artificielle/2431404_une-requete-sur-chatgpt-demande-10-fois-plus-denergie-quune-recherche-sur-google-limpact-energetique-de-lia-au-coeur-des-debats
Le rÃ©trogaming Ã  lâ€™honneur avec cette console de poche Anbernic RG35XXSP Ã  petit prix pour la Black Friday Week,"L'Anbernic RG35XXSP est une console rÃ©tro qui n'est pas sans rappeler une certaine Game Boy Advance SP, permettant de jouer Ã  d'anciens jeux avec la technologie moderne et surtout un prix infÃ©rieur Ã  50 euros.",https://www.frandroid.com/bons-plans/2419836_le-retrogaming-a-lhonneur-avec-cette-console-de-poche-anbernic-rg35xxsp-a-petit-prix-pour-la-black-friday-week
"Cyber MondayÂ : la manette PS5 DualSense de nouveau Ã  son plus bas prix, mais uniquement aujourdâ€™hui ","La manette sans-fil DualSense pour PS5 est victime des promos folles de Cyber Monday. Rakuten n'hÃ©site pas Ã  casser son prix, si bien qu'il tombe Ã  un niveau encore jamais vu auparavant.",https://www.journaldugeek.com/bon-plan/cyber-monday-la-manette-ps5-dualsense-de-nouveau-a-son-plus-bas-prix-mais-uniquement-aujourdhui/
Une batterie au diamant qui pourrait durer des millÃ©naires,"Et si vos appareils fonctionnaient pendant des milliers dâ€™annÃ©es sans recharge ? Câ€™est lâ€™idÃ©e derriÃ¨re la batterie au diamant de carbone-14, dÃ©veloppÃ©e par des chercheurs anglais. Leur concept pourrait transformer complÃ¨tement la faÃ§on dont nous utilisons lâ€™Ã©â€¦",https://www.journaldugeek.com/2024/12/16/une-batterie-au-diamant-qui-pourrait-durer-des-millenaires/
Manifestation chez les comÃ©diens de doublage : la VF menacÃ©e par lâ€™IA ?,Les comÃ©diens de doublage se rassemblent pour interpeller les politiques et sensibiliser le public Ã  l'utilisation de l'intelligence artificielle dans le milieu de la voix. Ils appellent l'Ã‰tat Ã  rÃ©guler cette technologie.,https://www.frandroid.com/culture-tech/2428132_manifestation-chez-les-comediens-de-doublage-la-vf-menacee-par-lia
Comment Mercedes pourrait augmenter lâ€™autonomie de ses voitures Ã©lectriques de 20 000 km par an Â«Â gratuitementÂ Â»,"Le constructeur allemand Mercedes vient de dÃ©voiler une technologie surprenante, prenant la forme dâ€™une peinture solaire. AppliquÃ©e sur une voiture Ã©lectrique, elle permettrait de parcourir jusquâ€™Ã  20 000 kilomÃ¨tres par an sans se recharger.",https://www.frandroid.com/marques/2430708_comment-mercedes-pourrait-augmenter-lautonomie-de-ses-voitures-electriques-de-20-000-km-par-an-gratuitement
"Â« 299 Â» : en une phrase, PlayStation a rÃ©volutionnÃ© le jeu vidÃ©o","La Sony PlayStation fÃªte ses 30 ans au Japon, le pays qui a vu naitre la console de jeu. Un prix cassÃ©, une nouvelle technologie et un nouveau public cible ont permis Ã  Sony de s'imposer face Ã  Nintendo.",https://www.frandroid.com/marques/sony/2428106_299-en-une-phrase-playstation-a-revolutionne-le-jeu-video
Nintendo lance de nouveaux Ã©couteurs sans fil aux couleurs de Tetris,"Nintendo surprend une fois de plus ses fans avec le lancement d'Ã©couteurs sans fil inspirÃ©s de l'univers Tetris. Ce nouveau produit, dÃ©veloppÃ© en partenariat avec OTL Technologies, marie habilement nostalgie vidÃ©oludique et technologie audio moderne.",https://www.frandroid.com/marques/nintendo/2440044_nintendo-lance-de-nouveaux-ecouteurs-sans-fil-aux-couleurs-de-tetris
Philips 55OLED759 : ce tÃ©lÃ©viseur 4K avec de la lumiÃ¨re dynamique est Ã  -40 % pour la Black Friday Week,"Pour la Black Friday Week chez Carrefour, vous retrouvez le Philips 55OLED759, un TV 4K Ã©quipÃ© de la technologie Ambilight en promo Ã  999 euros au lieu de 1 599 euros.",https://www.frandroid.com/bons-plans/2416766_philips-55oled759-ce-televiseur-4k-avec-de-la-lumiere-dynamique-est-a-40-pour-la-black-friday-week
INMO AIR 3Â : ces lunettes de rÃ©alitÃ© augmentÃ©e sont rÃ©volutionnaires,La firme chinoise INMO vient de prÃ©senter les premiÃ¨res lunettes AR autonomes au monde dotÃ©es de nouveaux Ã©crans micro-OLED Sony en couleur.,https://www.journaldugeek.com/2024/12/02/inmo-air-3-ces-lunettes-de-realite-augmentee-sont-revolutionnaires/
Black FridayÂ : 6 pÃ©pites Ã  ne pas manquer chez Boulanger ,"Le Black Friday 2024 bat son plein, offrant une multitude d'opportunitÃ©s pour rÃ©aliser des Ã©conomies substantielles sur vos achats. Cette annÃ©e, l'Ã©vÃ©nement a officiellement dÃ©butÃ© aujourd'hui, le vendredi 29 novembre, mais de nombreux commerÃ§ants ont lancÃ© lâ€¦",https://www.journaldugeek.com/bon-plan/black-friday-6-pepites-a-ne-pas-manquer-chez-boulanger-ğŸ¤Œ/
ActualitÃ© : CES 2025 â€“ Dell veut rÃ©volutionner le refroidissement des PC portables,"Dell devrait prÃ©senter au CES un nouveau systÃ¨me de refroidissement sans ventilateur pour ses PC portables. Contrairement au AirJet de Frore System, le systÃ¨me ne fait pas vibrer lâ€™air, mais lâ€™ionise pour le dÃ©placer.",https://www.lesnumeriques.com/ordinateur-portable/ces-2025-dell-veut-revolutionner-le-refroidissement-des-pc-portables-n230865.html
Lâ€™IA peut-elle aider les juges Ã  prendre de meilleures dÃ©cisionsÂ ?,Câ€™est tout lâ€™objet dâ€™une nouvelle Ã©tude menÃ©e Ã  Harvard.,https://www.presse-citron.net/lia-peut-elle-aider-les-juges-a-prendre-de-meilleures-decisions/
"Qui est Mago, la startup dâ€™IA qui veut rÃ©volutionner le monde de la vidÃ©oÂ ?",Sa promesse : styliser nâ€™importe quel type de vidÃ©o dans nâ€™importe quelle esthÃ©tique.,https://www.presse-citron.net/qui-est-mago-la-startup-dia-qui-veut-revolutionner-le-monde-de-la-video/
"ActualitÃ© : Google dÃ©voile Willow, sa nouvelle puce quantique","Ce lundi 9 dÃ©cembre, Google a dÃ©voilÃ© Willow, sa nouvelle puce quantique capable d'effectuer en quelques minutes des opÃ©rations que certains des plus puissants ordinateurs pourraient mettre des milliards d'annÃ©es Ã  calculer.",https://www.lesnumeriques.com/quantique/google-devoile-willow-sa-nouvelle-puce-quantique-n230655.html
Comprendre lâ€™informatique distribuÃ©e : la technologie qui fait tourner le web moderne,"Ã€ chaque clic ou Ã  chaque recherche web, votre requÃªte mobilise non pas un seul ordinateur, mais des dizaines, parfois des centaines de machines qui collaborent en temps rÃ©el. Cette approche, baptisÃ©e informatique distribuÃ©e, constitue le socle technologique â€¦",https://www.clubic.com/actualite-545276-comprendre-l-informatique-distribuee-la-technologie-qui-fait-tourner-le-web-moderne.html
Top 3 des aspirateurs premium Dyson remisÃ©s pour Black Friday,"Pour le Black Friday, Dyson lÃ¨ve le voile sur des promotions exceptionnelles. DÃ©couvrez notre sÃ©lection des offres Ã  saisir dâ€™urgence.",https://www.presse-citron.net/top-3-des-aspirateurs-premium-dyson-remises-pour-black-friday/
Cette IA mÃ©tÃ©o de Google Ã©crase la concurrenceÂ : une rÃ©volution pour les prÃ©visions,Une innovation impressionnante de la part de Google.,https://www.presse-citron.net/cette-ia-meteo-de-google-ecrase-la-concurrence-une-revolution-pour-les-previsions/
"AMD Radeon RX 8000 / RDNA 4 : puissance, technologie, prix, date de sortieâ€¦ tout ce quâ€™on sait sur les prochaines cartes graphiques de AMD","AMD prÃ©pare son retour sur le marchÃ© des cartes graphiques en 2025 avec son architecture RDNA 4. On s'attend Ã  de nombreuses nouveautÃ©s cÃ´tÃ© performance, ray tracing, mais aussi IA. Nous avons regroupÃ© toutes les fuites et rumeurs les plus plausibles sur ces â€¦",https://www.frandroid.com/marques/amd/2433076_amd-radeon-rx-8000-rdna-4-puissance-technologie-prix-date-de-sortie-tout-ce-quon-sait-sur-les-prochaines-cartes-graphiques-de-amd
Voitures Ã©lectriquesÂ : Mercedes vient de prÃ©senter un systÃ¨me de freins Ã©ternels rÃ©volutionnaires,Mercedes-Benz rÃ©volutionne le systÃ¨me de freinage des voitures Ã©lectriques avec une innovation majeure. Une avancÃ©e technologique pourrait marquer un tournant dÃ©cisif dans lâ€™industrie automobile.,https://www.presse-citron.net/voitures-electriques-mercedes-vient-de-presenter-un-systeme-de-freins-eternels-revolutionnaires/
"Black Fridayâ€¯: Jusquâ€™Ã  50% de rÃ©duction sur la gamme soundcore, pour profiter du meilleur son au meilleur prix","Câ€™est le moment parfait pour les amateurs de musique et de technologieâ€¯: Ã  lâ€™occasion du Black Friday, Anker propose jusquâ€™Ã  50% de remise sur la gamme soundcore. Avec des prix dÃ©fiants toute concurrence et un son de qualitÃ©, vous trouverez forcÃ©ment de quoi â€¦",https://www.lesnumeriques.com/publicite/black-friday-jusqu-a-50-de-reduction-sur-la-gamme-soundcore-pour-profiter-du-meilleur-son-au-meilleur-prix-230056.html
"Amazon investit Ã  nouveau 4 milliards de dollars dans Anthropic, le concurrent dâ€™OpenAI","Amazon a officialisÃ© un nouvel investissement de 4 milliards de dollars dans Anthropic, la startup qui dÃ©fie le crÃ©ateur de ChatGPT.",https://www.presse-citron.net/amazon-investit-a-nouveau-4-milliards-de-dollars-dans-anthropic-le-concurrent-dopenai/
Stellantis mise sur des batteries 2 fois moins chÃ¨res et plus rapides Ã  recharger,"Stellantis officialise un partenariat avec la sociÃ©tÃ© Zeta Energy qui lui permettra dâ€™utiliser des batteries lithium-soufre dâ€™ici 2030. Ces batteries seront plus lÃ©gÃ¨res, moins chÃ¨res et plus rapides Ã  recharger.",https://www.presse-citron.net/stellantis-mise-sur-des-batteries-2-fois-moins-cheres-et-plus-rapides-a-recharger/
Google prÃ©sente un nouveau gÃ©nÃ©rateur de vidÃ©os qui dÃ©fie SoraÂ : qui peut y accÃ©derÂ ?,"Google lance un nouveau modÃ¨le de gÃ©nÃ©ration de vidÃ©o baptisÃ© Veo 2. Celui-ci serait de meilleure qualitÃ© que les modÃ¨les concurrents, et il est capable de crÃ©er des vidÃ©os de plusieurs minutes en rÃ©solution 4K.",https://www.presse-citron.net/google-presente-un-nouveau-generateur-de-videos-qui-defie-sora-qui-peut-y-acceder/
Duel : AirPodsÂ 4 ANC vs AirPodsÂ 4Â : les clones d'Apple entrent en guerreÂ !,"Avec les AirPodsÂ 4 ANC, Apple a enfin dÃ©cidÃ© dâ€™octroyer un systÃ¨me de rÃ©duction du bruit Ã  ses cÃ©lÃ¨bres Ã©couteurs sans-fil ouverts. Lâ€™intÃ©gration de cette fameuse technologie suffirait-elle donc Ã  les rendre plus attractifs que les AirPodsÂ 4 classiquesÂ ? Que â€¦",https://www.lesnumeriques.com/intra-ecouteur-true-wireless/face-a-face/75574-75576.html
"ActualitÃ© : AprÃ¨s les iPad Pro, lâ€™iPad mini d'Apple sâ€™apprÃªte Ã  goÃ»ter aux Ã©crans Oled","Alors que la technologie est reine chez les iPhone et Apple Watch, lâ€™Oled sâ€™apprÃªte Ã  faire une percÃ©e aprÃ¨s les iPad Pro M4 sur les iPad mini et Air ou encore les MacBook Pro et Air au cours des prochaines annÃ©es. Voici les plans dâ€™Apple !",https://www.lesnumeriques.com/tablette-tactile/apres-les-ipad-pro-l-ipad-mini-d-apple-s-apprete-a-gouter-aux-ecrans-oled-n230624.html
"ActualitÃ© : Top produit â€“ La carte graphique Nvidia GeForce RTX 4060 KFA2 Ã  278,99Â â‚¬","La carte graphique Nvidia GeForce RTX 4060 KFA2 s'affiche aujourd'hui Ã  278,99Â â‚¬ chez Top Achat.",https://www.lesnumeriques.com/carte-graphique/top-produit-la-carte-graphique-nvidia-geforce-rtx-4060-kfa2-a-278-99-n230813.html
Le Galaxy S25 pourrait devenir un vÃ©ritable smartphone gaming grÃ¢ce Ã  cette nouveautÃ©,Samsung se prÃ©parerait Ã  faire du Galaxy S25 un excellent smartphone pour le jeu vidÃ©o grÃ¢ce Ã  une nouvelle fonctionnalitÃ©. De quoi rÃ©volutionner le gaming sur mobileÂ ? Peut-Ãªtre bien.,https://www.frandroid.com/marques/samsung/2407634_le-galaxy-s25-pourrait-devenir-un-veritable-smartphone-gaming-grace-a-cette-nouveaute
Adobe supprime enfin les reflets sur vos photos,"Photographes amateurs et professionnels, soyez joie car Adobe vient de dÃ©voiler une technologie qui va rÃ©soudre lâ€™un des casse-tÃªtes les plus frustrants de la photographie : les reflets dans les vitres. Plus besoin de vous casser la tÃªte sur Photoshop Ã  tenteâ€¦",https://korben.info/adobe-camera-raw-suppression-reflets-photos.html
"ActualitÃ© : Bon plan â€“ Le casque vÃ©lo Bontrager Starvos Wavecel Jaune ""5 Ã©toiles"" Ã  59,88Â â‚¬ (-17%)",Le casque vÃ©lo Bontrager Starvos Wavecel Jaune passe sous les 60Â â‚¬ chez Alltricks soit une baisse d'environ 17% sur le prix habituellement constatÃ©. C'est actuellement l'un des meilleurs produit de notre comparatif.,https://www.lesnumeriques.com/casque-velo/bon-plan-le-casque-velo-bontrager-starvos-wavecel-jaune-5-etoiles-a-59-88-17-n229679.html
"ActualitÃ© : Bon plan â€“ Le casque vÃ©lo Bontrager Starvos Wavecel Jaune ""5 Ã©toiles"" Ã  59,88Â â‚¬ (-17%)",Le casque vÃ©lo Bontrager Starvos Wavecel Jaune passe sous les 60Â â‚¬ chez Alltricks soit une baisse d'environ 17% sur le prix habituellement constatÃ©. C'est actuellement l'un des meilleurs produit de notre comparatif.,https://www.lesnumeriques.com/casque-velo/bon-plan-le-casque-velo-bontrager-starvos-wavecel-jaune-5-etoiles-a-59-88-17-n229640.html
"ActualitÃ© : Bon plan â€“ Le tÃ©lÃ©viseur LG 65G3 ""5 Ã©toiles"" Ã  1Â 290,00Â â‚¬ (-28%)",Le tÃ©lÃ©viseur LG 65G3 passe sous les 1300Â â‚¬ chez Fnac.com soit une baisse d'environ 28% sur le prix habituellement constatÃ©. C'est actuellement le meilleur produit de notre comparatif.,https://www.lesnumeriques.com/tv-televiseur/bon-plan-le-televiseur-lg-65g3-5-etoiles-a-1-290-00-28-n230739.html
Live Black FridayÂ : vous avez des chances de gagner un aspirateur RoborockÂ !,PrÃ©parez-vous Ã  vivre un Black Friday phÃ©nomÃ©nal rempli de cadeaux Ã  lâ€™occasion de notre Live shopping inÃ©dit en partenariat avec 4 marques trÃ¨s apprÃ©ciÃ©es.,https://www.journaldugeek.com/2024/11/27/live-black-friday-vous-avez-des-chances-de-gagner-un-aspirateur-roborock/
LiseusesÂ : quel modÃ¨le choisir en 2025Â ?,"Vous voulez vous (re)mettre Ã  la lecture sans encombrer votre bibliothÃ¨que d'Ã©pais volumes de papier ? Voici notre sÃ©lection de liseuses, pour tous les profils et tous les budgets.",https://www.journaldugeek.com/dossier/liseuses-quel-modele-choisir-en-2025/
"ActualitÃ© : Black Friday 2024 â€“ Le tÃ©lÃ©viseur Philips 65OLED909 ""5 Ã©toiles"" Ã  2Â 290,00Â â‚¬ (-14%)",Le tÃ©lÃ©viseur Philips 65OLED909 passe sous les 2300Â â‚¬ chez Son-Video.com soit une baisse d'environ 14% sur le prix habituellement constatÃ©.,https://www.lesnumeriques.com/tv-televiseur/black-friday-2024-le-televiseur-philips-65oled909-5-etoiles-a-2-290-00-14-n229496.html
ActualitÃ© : iPhone 17 : Apple pourrait bien placer FaceÂ ID sous lâ€™Ã©cran,"Face ID sous lâ€™Ã©cran des iPhone, câ€™est une rumeur que lâ€™on entend depuis un moment. Ã€ en croire un mÃ©dia spÃ©cialisÃ© Apple, le projet pourrait bien aboutir en 2025 avec les iPhone 17, potentiellement sur les modÃ¨les Pro Max ou Air.",https://www.lesnumeriques.com/telephone-portable/iphone-17-apple-pourrait-bien-placer-face-id-sous-l-ecran-n230501.html
Rowenta X-Force Flex 15.60 : l'aspirateur balai qui dÃ©fie les lois de la flexibilitÃ© !,Oubliez ce que vous croyiez savoir sur les aspirateurs. Le Rowenta X-Force Flex 15.60 est bien davantage qu'un simple aspirateur balai. Il combine une puissance d'aspiration exceptionnelle Ã  une flexibilitÃ© inÃ©galÃ©e pour un nettoyage en profondeur de tous vosâ€¦,https://www.lesnumeriques.com/publicite/rowenta-x-force-flex-15-60-l-aspirateur-balai-qui-defie-les-lois-de-la-flexibilite-230063.html
"ActualitÃ© : Black Friday 2024 â€“ Le tÃ©lÃ©viseur Philips 65OLED909 ""5 Ã©toiles"" Ã  2Â 290,00Â â‚¬ (-11%)","Le tÃ©lÃ©viseur Philips 65OLED909 passe sous les 2300Â â‚¬ chez Boulanger.com, Son-Video.com et Cobra soit une baisse d'environ 11% sur le prix habituellement constatÃ©.",https://www.lesnumeriques.com/tv-televiseur/black-friday-2024-le-televiseur-philips-65oled909-5-etoiles-a-2-290-00-11-n229722.html
"ActualitÃ© : Pour son Ã©cran pliable en trois parties, Samsung pourrait intÃ©grer une batterie d'un tout nouveau genre","Pour offrir une meilleure batterie Ã  ses modÃ¨les pliables, Samsung travaillerait sur une batterie elle-mÃªme pliable. C'est du moins ce que rÃ©vÃ¨le un brevet dÃ©posÃ© par le gÃ©ant sud-corÃ©en.",https://www.lesnumeriques.com/mobilite/pour-son-ecran-pliable-en-trois-parties-samsung-pourrait-integrer-une-batterie-d-un-tout-nouveau-genre-n230199.html
"OnePlus 13Â : fin du suspense, on connaÃ®t la date dâ€™arrivÃ©e du flagship killer","C'est officiel, le OnePlus 13 arrive en janvier 2025 et le fleuron de la marque promet encore d'impressionner techniquement.",https://www.journaldugeek.com/2024/12/02/oneplus-13-fin-du-suspense-on-connait-la-date-darrivee-du-flagship-killer/
AirPods 4 2024Â : les derniers Ã©couteurs Apple Ã  prix imbattable ,Les derniers Ã©couteurs sans fil d'Apple s'offrent une remise exceptionnelle chez Cdiscount pour Black Friday.,https://www.journaldugeek.com/bon-plan/airpods-4-2024-les-nouveaux-ecouteurs-apple-a-prix-imbattable/
Black FridayÂ :Â FPS au max et prix mini pour la carte graphique GeForce RTX 4070 Super ,Vous cherchez une super carte graphique pour booster votre config gaming ? La MSI GeForce RTX 4070 Super est justement proposÃ© Ã  un prix trÃ¨s intÃ©ressant en cette premiÃ¨re journÃ©e de Black Friday sur Amazon.,https://www.journaldugeek.com/bon-plan/black-friday-fps-au-max-et-prix-mini-pour-la-carte-graphique-geforce-rtx-4070-super/
